"","node_id","distance","rssi"
"1","377E5F",200.024039080155,-102
"2","3765DD",322.453444051964,-108
"3","33D76B",181.717609921949,-104
"4","3B3B89",256.892447638586,-92
"5","32841A",141.109853603482,-93
"6","326572",335.376915330968,-108
"7","327749",252.115068170231,-102
"8","326543",33.3909891576807,-67
"9","328FAF",347.176949335116,-100
"10","339BB0",323.376288280055,-101
"11","379B89",114.331550111197,-81
"12","326039",312.744289710424,-107
"13","328D0C",390.604655270564,-103
"14","33DA3C",119.199631606851,-94
"15","328CCF",365.532800322998,-107
"16","3648E1",230.089210226765,-98
"17","33D76B",182.960530377713,-99
"18","3B3B89",256.467742207202,-101
"19","32841A",142.804766879084,-100
"20","326543",33.7601525854052,-67
"21","379B89",113.45746671119,-80
"22","326039",314.287593691615,-109
"23","3282EC",211.702176685652,-97
"24","33DA3C",120.294929086091,-100
"25","328CCF",367.213480480639,-109
"26","37824B",219.113157799683,-103
"27","377E5F",196.443937017923,-105
"28","33D76B",186.138594387621,-95
"29","3B3B89",254.563644004496,-109
"30","326572",336.941489974355,-109
"31","327749",252.692969980075,-108
"32","326543",33.6022037577506,-70
"33","339CAE",88.6796696906703,-83
"34","328FAF",344.39613199279,-112
"35","379B89",110.83157173498,-96
"36","33DA3C",121.564537307804,-108
"37","328CCF",370.223700905083,-104
"38","3648E1",234.405322965518,-96
"39","3765DD",326.560267459955,-108
"40","33D76B",192.075090816152,-94
"41","3B3B89",250.194163448683,-105
"42","327749",251.367103754383,-97
"43","326543",32.6991921510215,-77
"44","339CAE",94.6845899173588,-84
"45","339BB0",313.710575593483,-108
"46","379B89",105.522090967394,-90
"47","326039",319.942276357564,-103
"48","3282EC",220.899267290465,-94
"49","33DA3C",122.563533764606,-96
"50","328CCF",374.597132638366,-100
"51","3648E1",238.114507361784,-99
"52","33D76B",198.881452312463,-92
"53","3B3B89",244.516274474361,-98
"54","326572",335.41470181589,-110
"55","327749",248.802934252321,-97
"56","326543",31.7200274914203,-71
"57","339CAE",101.428792099172,-90
"58","328FAF",333.539951983707,-110
"59","339BB0",306.972948453535,-106
"60","379B89",99.0659590179013,-83
"61","3282EC",226.942598675277,-93
"62","3648E1",241.376845692424,-107
"63","37824B",220.725430795373,-106
"64","33D76B",203.759762091518,-94
"65","3B3B89",240.327477287006,-103
"66","32841A",158.216817596731,-89
"67","326543",31.6462378652669,-67
"68","339CAE",106.2421680502,-93
"69","339BB0",302.099136010111,-107
"70","379B89",94.3718248550016,-81
"71","3282EC",231.190098486992,-95
"72","33DA3C",122.897704828536,-99
"73","328CCF",381.420448269863,-101
"74","3648E1",243.582475436076,-94
"75","377E5F",179.721414973658,-102
"76","3B3B89",234.235389690905,-95
"77","32841A",163.098573151863,-83
"78","326572",332.795208332817,-106
"79","326543",32.9858017660062,-66
"80","379B89",87.5031074621952,-78
"81","3282EC",237.556624229765,-90
"82","328CCF",385.648401291304,-102
"83","3648E1",247.063099471759,-105
"84","377E5F",172.713197970364,-100
"85","37824B",221.313700952556,-106
"86","32841A",166.08920432481,-89
"87","326572",331.097734442881,-107
"88","327749",241.606686681771,-103
"89","326543",34.116956359707,-64
"90","328FAF",317.644419879085,-103
"91","3282EC",241.709178663015,-97
"92","328D0C",376.581311789468,-110
"93","33DA3C",123.462132957283,-106
"94","328CCF",388.061563685385,-106
"95","3648E1",248.94819031742,-102
"96","37824B",221.023912715703,-97
"97","33D76B",216.001580961648,-99
"98","327749",238.493891107141,-96
"99","326543",36.3735231264421,-59
"100","339CAE",124.388400089618,-89
"101","328FAF",311.521512412037,-109
"102","339BB0",283.39498057713,-103
"103","379B89",76.172601770207,-80
"104","326039",329.742245169404,-111
"105","3282EC",246.840535537078,-99
"106","33DA3C",123.547845679464,-102
"107","328CCF",391.013927333281,-99
"108","3648E1",251.292173839849,-93
"109","3B3B89",223.748498258652,-103
"110","37824B",220.695524113557,-96
"111","33D76B",222.219459061417,-97
"112","327749",236.791583516949,-106
"113","326543",41.2980158190139,-70
"114","339CAE",131.547275087488,-94
"115","328FAF",305.372346344719,-107
"116","339BB0",276.346802697328,-108
"117","32841A",175.452643962247,-85
"118","379B89",69.7261500745208,-69
"119","328D0C",369.990292818509,-108
"120","33DA3C",125.734323138473,-96
"121","328CCF",395.836123351239,-103
"122","3648E1",255.586159407178,-97
"123","3B3B89",218.185137731745,-98
"124","377E5F",154.495624763803,-100
"125","37824B",222.273706701586,-100
"126","33D76B",229.387339630375,-99
"127","326572",328.402600459255,-105
"128","326543",48.9588666621831,-67
"129","32841A",183.313585309112,-85
"130","379B89",60.6521089840319,-74
"131","3282EC",262.793199326583,-93
"132","328D0C",365.9151652455,-108
"133","33DA3C",129.032226773671,-97
"134","328CCF",402.451604110902,-103
"135","3B3B89",210.186496410584,-104
"136","327749",234.296413779618,-105
"137","377E5F",144.856734827905,-103
"138","37824B",224.446845129404,-107
"139","33D76B",239.532158171286,-102
"140","328FAF",289.234206512881,-103
"141","339BB0",258.213961885557,-108
"142","379B89",53.3977451704627,-74
"143","3282EC",270.053849600876,-95
"144","328D0C",362.335497210467,-107
"145","326543",55.3659071172535,-87
"146","33DA3C",131.677141597893,-97
"147","328CCF",407.437957037846,-105
"148","3648E1",266.029087813971,-98
"149","3B3B89",203.593642565373,-96
"150","327749",232.07731518693,-96
"151","377E5F",137.034321780895,-99
"152","37824B",225.976341871762,-97
"153","3765DD",330.581212230545,-108
"154","326572",326.34379199473,-104
"155","328FAF",282.484716345365,-97
"156","339BB0",249.930135680403,-103
"157","32841A",197.038952351049,-93
"158","379B89",47.1134784754794,-61
"159","3282EC",278.424913726446,-94
"160","326543",63.3758281118196,-71
"161","33DA3C",136.481007699629,-98
"162","328CCF",414.084294710534,-102
"163","3648E1",272.306393528503,-101
"164","3B3B89",197.899487777392,-100
"165","327749",231.727891913379,-97
"166","37824B",229.545289779489,-109
"167","33D76B",256.20821775745,-104
"168","339BB0",241.577158008656,-106
"169","379B89",40.9763407284485,-55
"170","3282EC",286.360083910869,-104
"171","328D0C",357.573217476073,-110
"172","326543",71.0161289126928,-79
"173","33DA3C",140.717838726761,-96
"174","3648E1",277.874365713061,-103
"175","3B3B89",191.76582668916,-88
"176","327749",230.682721568277,-93
"177","37824B",232.378324342662,-100
"178","3765DD",335.726027808473,-107
"179","33D76B",264.694170027574,-102
"180","326572",327.127328074673,-99
"181","328FAF",275.35183397479,-98
"182","339BB0",234.236761017705,-104
"183","379B89",35.6320972241259,-58
"184","3282EC",292.842136198265,-97
"185","328D0C",354.380764640592,-110
"186","326543",77.3301398595285,-78
"187","3648E1",282.017499914362,-101
"188","3B3B89",185.921150198297,-93
"189","327749",229.01737792991,-99
"190","37824B",234.081974477541,-97
"191","33D76B",271.959799352585,-102
"192","326572",326.274693251031,-101
"193","339CAE",173.979915039686,-96
"194","328FAF",268.729088412901,-100
"195","379B89",28.9868232891362,-50
"196","326039",353.639671800645,-110
"197","3282EC",296.083244252984,-102
"198","328D0C",348.475759522357,-92
"199","326543",80.5750971241604,-81
"200","33DA3C",142.961965410765,-105
"201","3648E1",282.141164767653,-106
"202","3B3B89",179.083424598632,-88
"203","327749",224.071764052262,-88
"204","377E5F",108.067089373029,-101
"205","37824B",231.791906572073,-103
"206","3765DD",333.82735289869,-105
"207","33D76B",277.006765675587,-107
"208","326572",321.856031282375,-100
"209","326039",347.134325663393,-109
"210","3282EC",293.813136608712,-104
"211","328D0C",340.567537226,-95
"212","326543",78.8200359924306,-85
"213","33DA3C",136.657024290834,-98
"214","328CCF",419.392040597861,-108
"215","3648E1",276.519189449278,-105
"216","3B3B89",173.100347396628,-100
"217","379B89",22.2794178342255,-46
"218","327749",215.882292459296,-94
"219","377E5F",104.795321621709,-95
"220","37824B",224.431610501058,-103
"221","33D76B",277.45095207326,-105
"222","326572",313.691681255902,-104
"223","328FAF",257.289858660642,-103
"224","339BB0",227.00632199201,-105
"225","32841A",207.869100652023,-96
"226","3282EC",292.386438583856,-98
"227","328D0C",333.060742153578,-99
"228","326543",78.4410334124352,-79
"229","33DA3C",131.312998331107,-94
"230","328CCF",414.801217388137,-105
"231","3648E1",271.776365810252,-101
"232","3B3B89",167.315776707037,-79
"233","379B89",16.787404004194,-42
"234","327749",208.227533267607,-102
"235","37824B",217.853619863106,-98
"236","326572",306.117467653101,-101
"237","339BB0",225.393031861395,-102
"238","328D0C",326.143280340165,-93
"239","326543",81.178933372505,-76
"240","33DA3C",128.8150189219,-96
"241","328CCF",412.963586042931,-108
"242","3B3B89",160.800502662493,-77
"243","379B89",11.4643356505955,-49
"244","377E5F",97.1849210625138,-98
"245","37824B",213.619485152755,-100
"246","3765DD",314.2164217816,-106
"247","33D76B",282.172492129377,-106
"248","328FAF",246.800863855414,-102
"249","339BB0",221.769052007246,-106
"250","3282EC",293.057185292367,-102
"251","328D0C",317.503625258016,-98
"252","326543",82.8047398940481,-86
"253","33DA3C",123.750852309393,-90
"254","3B3B89",154.171430119038,-82
"255","379B89",11.5889580303987,-54
"256","377E5F",94.3315800164863,-95
"257","37824B",206.613422206666,-103
"258","3765DD",306.561338357161,-106
"259","33D76B",284.371680536113,-104
"260","326572",291.521768899748,-108
"261","328FAF",241.432437351674,-94
"262","339BB0",220.000316897508,-105
"263","32841A",203.073271916819,-101
"264","3282EC",295.106251184543,-94
"265","328D0C",310.016279740201,-101
"266","326543",87.1240725843858,-77
"267","33DA3C",121.995082076558,-97
"268","328CCF",406.772736835945,-110
"269","3648E1",263.584363802058,-105
"270","3B3B89",147.194633101217,-77
"271","379B89",14.3307794482774,-73
"272","327749",186.300698219382,-102
"273","37824B",202.471796960641,-108
"274","33D76B",288.713939864384,-104
"275","328FAF",235.175023080343,-100
"276","339BB0",216.377667366663,-107
"277","32841A",203.973336464404,-99
"278","328D0C",304.807602852383,-107
"279","326543",92.7379657026198,-88
"280","33DA3C",123.550028094074,-86
"281","328CCF",408.229786696464,-101
"282","3648E1",265.107441230856,-97
"283","3B3B89",140.834114744841,-78
"284","379B89",16.8385125738039,-64
"285","377E5F",84.9701517402543,-85
"286","327749",182.35372940626,-95
"287","37824B",201.710938225721,-104
"288","3765DD",299.751775968055,-103
"289","326572",281.645896116367,-104
"290","328FAF",228.931983608968,-99
"291","339BB0",211.411155137365,-103
"292","32841A",207.429949710204,-94
"293","326039",329.76971854169,-108
"294","3282EC",299.288762084756,-97
"295","33DA3C",126.591225615871,-87
"296","3648E1",267.994542539221,-105
"297","3B3B89",135.006683172428,-73
"298","379B89",19.7203351584978,-66
"299","327749",179.99746831123,-98
"300","37824B",202.598204343546,-104
"301","33D76B",300.006141416601,-104
"302","326543",98.5920479944527,-84
"303","328FAF",222.927832995062,-106
"304","339BB0",206.006714737548,-98
"305","32841A",211.884395659253,-99
"306","3282EC",304.242753329793,-99
"307","328D0C",300.898054410627,-102
"308","328CCF",414.516054306858,-100
"309","33DA3C",130.655214378847,-88
"310","3648E1",271.677230852549,-100
"311","3B3B89",127.141828594645,-77
"312","379B89",25.5929056885515,-71
"313","327749",176.750599594297,-91
"314","37824B",203.67202901912,-91
"315","33D76B",307.643445605336,-108
"316","326572",277.14017519875,-102
"317","326543",106.364597702297,-95
"318","328FAF",214.88632425308,-97
"319","339BB0",199.017389263948,-102
"320","32841A",217.702556673119,-96
"321","326039",333.733725124956,-109
"322","3282EC",310.707623203583,-107
"323","328D0C",295.47934000723,-104
"324","33DA3C",136.121036399888,-89
"325","3648E1",276.710036779807,-107
"326","3B3B89",120.219752210004,-75
"327","379B89",31.1765899249946,-68
"328","377E5F",65.2026278781452,-82
"329","327749",175.548024756201,-93
"330","37824B",206.56697223749,-103
"331","3765DD",300.702391914415,-102
"332","33D76B",315.279061056738,-111
"333","326572",276.423355914305,-99
"334","326543",114.032334112468,-91
"335","328FAF",207.390899376135,-106
"336","339BB0",191.7285337805,-94
"337","326039",337.489445851563,-107
"338","3282EC",317.748773461424,-94
"339","328D0C",291.788300988744,-104
"340","379B89",35.8942685602688,-71
"341","377E5F",59.979986720749,-75
"342","327749",174.703280404887,-93
"343","37824B",208.709103799531,-97
"344","3765DD",301.751047337053,-107
"345","33D76B",320.907519004795,-107
"346","339CAE",222.956514749609,-109
"347","326543",119.69463246762,-92
"348","339BB0",186.416448349519,-86
"349","326039",340.205202796286,-104
"350","33DA3C",140.181397161231,-92
"351","328D0C",289.011455889686,-104
"352","3648E1",280.382459689409,-106
"353","379B89",41.6807319972071,-70
"354","377E5F",54.1869043795693,-72
"355","327749",173.773466291138,-90
"356","37824B",211.157847445291,-91
"357","3765DD",302.899127382937,-102
"358","33D76B",327.340677894542,-102
"359","3B3B89",109.183842933872,-73
"360","326572",275.175852110374,-104
"361","326543",126.17804464139,-91
"362","328FAF",195.408473985037,-92
"363","339BB0",180.420686289933,-90
"364","32841A",234.747394683212,-94
"365","33DA3C",144.847314217572,-84
"366","3282EC",328.765525831637,-95
"367","328D0C",285.769220429442,-98
"368","328CCF",426.771432827456,-103
"369","3648E1",284.536238454427,-93
"370","379B89",49.284798384624,-79
"371","377E5F",47.4816009956334,-68
"372","37824B",214.047894665097,-91
"373","3765DD",304.092898376246,-96
"374","33D76B",335.281838738278,-105
"375","3B3B89",101.746641904118,-82
"376","326572",274.105012337237,-110
"377","326543",134.210496267883,-95
"378","328FAF",187.365437798074,-91
"379","339BB0",173.194788477732,-84
"380","32841A",241.480127959865,-97
"381","326039",346.788755820879,-108
"382","33DA3C",150.555674542047,-92
"383","3282EC",335.9029378496,-97
"384","328CCF",431.39948821465,-96
"385","3648E1",289.498410497109,-93
"386","377E5F",41.8400687470866,-67
"387","37824B",217.349630222279,-93
"388","3765DD",306.029424449351,-102
"389","33D76B",341.90667058025,-105
"390","3B3B89",96.1386737018668,-84
"391","326572",274.228148346312,-105
"392","326543",140.852565683922,-95
"393","328FAF",180.933277073126,-95
"394","32841A",247.460399019925,-96
"395","379B89",55.3483086642367,-77
"396","326039",350.512243023251,-107
"397","33DA3C",155.913127662404,-88
"398","3282EC",342.120677680902,-96
"399","328D0C",278.893048089532,-102
"400","328CCF",435.906133443693,-99
"401","3648E1",294.275039355528,-96
"402","377E5F",39.0476464642906,-72
"403","37824B",219.159290333569,-92
"404","3765DD",307.149321078644,-106
"405","33D76B",345.267293432678,-108
"406","3B3B89",93.4049438422396,-75
"407","326543",144.215271928716,-95
"408","328FAF",177.707344461714,-99
"409","339BB0",163.81806834501,-82
"410","379B89",58.4315704009217,-89
"411","326039",352.507026189099,-105
"412","33DA3C",158.716028648342,-81
"413","3282EC",345.306838427795,-100
"414","328D0C",277.704819219434,-98
"415","328CCF",438.276681890601,-99
"416","3648E1",296.784833562967,-95
"417","379B89",113.301789597438,-77
"418","3B3B89",255.879388706465,-92
"419","37824B",216.109562813924,-102
"420","327749",251.3855797515,-103
"421","339CAE",84.9356413440629,-93
"422","32841A",141.44528635372,-84
"423","33DA3C",118.85784397386,-97
"424","3282EC",211.314396810714,-100
"425","326543",32.3782668201441,-73
"426","328CCF",366.243330405668,-104
"427","3648E1",230.570744779238,-99
"428","379B89",112.781913899446,-72
"429","3B3B89",255.456301564503,-97
"430","37824B",216.229858306859,-107
"431","377E5F",198.472016188779,-100
"432","3765DD",322.259000145859,-109
"433","327749",251.255474880761,-101
"434","339CAE",85.5149551962877,-96
"435","328FAF",345.687332021388,-107
"436","339BB0",321.817370173113,-99
"437","32841A",141.897941291116,-89
"438","33DA3C",121.200922363742,-97
"439","3282EC",216.973058882893,-95
"440","328D0C",389.405574564045,-102
"441","326543",32.4831337801057,-67
"442","328CCF",371.282983681563,-104
"443","379B89",108.634758714556,-84
"444","3B3B89",252.545256093591,-93
"445","37824B",218.861925159538,-105
"446","33D76B",188.337630374611,-111
"447","326572",336.175007382569,-111
"448","327749",251.537225021129,-106
"449","339CAE",90.8272608519931,-84
"450","339BB0",317.173847347959,-100
"451","32841A",147.091783726115,-92
"452","326039",317.281028525166,-108
"453","3282EC",224.783453908586,-101
"454","326543",31.762057177578,-65
"455","3648E1",240.111072101967,-104
"456","379B89",101.251013119377,-80
"457","3B3B89",246.398792488133,-98
"458","377E5F",186.714545484677,-107
"459","33D76B",196.521711129813,-99
"460","327749",249.545145489812,-103
"461","339CAE",99.0752165773336,-100
"462","339BB0",309.284264086649,-102
"463","32841A",153.382338654504,-108
"464","3282EC",232.634929965137,-96
"465","328D0C",381.4493096241,-110
"466","326543",31.0845935989194,-65
"467","328CCF",381.980836690226,-106
"468","3648E1",243.868523777611,-105
"469","379B89",92.1523501007223,-68
"470","3B3B89",238.147943542199,-92
"471","37824B",220.165558768419,-110
"472","377E5F",177.513898087101,-93
"473","33D76B",205.777998580287,-94
"474","326572",333.057630535567,-110
"475","327749",245.287545681474,-103
"476","339CAE",108.164849067869,-105
"477","328FAF",326.863540503151,-104
"478","326543",33.5850096897898,-67
"479","33DA3C",123.058411969496,-100
"480","3648E1",248.382754915545,-107
"481","379B89",82.8860117980469,-78
"482","3B3B89",229.870550328704,-94
"483","3765DD",326.708375571417,-109
"484","33D76B",215.410908897252,-102
"485","326572",330.886994919073,-109
"486","327749",241.504459811036,-106
"487","339CAE",117.686463001514,-94
"488","328FAF",318.018348421144,-99
"489","339BB0",290.302600856923,-98
"490","32841A",165.459898265168,-101
"491","3282EC",241.054715352858,-97
"492","33DA3C",123.769383228523,-102
"493","3648E1",251.946149599225,-96
"494","379B89",74.9033026123126,-65
"495","37824B",220.813076939213,-98
"496","377E5F",159.940672625012,-102
"497","3765DD",326.636485560402,-109
"498","33D76B",223.546591531277,-99
"499","326572",328.685898550113,-106
"500","327749",238.007998327394,-95
"501","326543",37.1071817108326,-61
"502","339CAE",125.70253104849,-88
"503","328FAF",310.29982835576,-107
"504","339BB0",282.063091405065,-101
"505","32841A",170.767279403361,-96
"506","3282EC",248.007488064547,-91
"507","328D0C",372.057902447727,-105
"508","328CCF",397.008208742169,-102
"509","33DA3C",126.17895133635,-98
"510","379B89",67.852177092712,-70
"511","3B3B89",216.504692045546,-91
"512","37824B",222.515784135426,-100
"513","377E5F",152.547999776999,-107
"514","3765DD",328.029690850799,-109
"515","33D76B",231.377959607463,-105
"516","327749",236.1202731769,-101
"517","326543",42.6170557599628,-72
"518","339CAE",133.519611465865,-89
"519","339BB0",274.349570525889,-100
"520","32841A",176.881681707296,-90
"521","3282EC",255.255805174708,-102
"522","328D0C",369.03036389677,-105
"523","33DA3C",128.844751950014,-96
"524","379B89",59.7648140744748,-72
"525","3B3B89",209.299992005856,-106
"526","377E5F",143.995231631309,-94
"527","33D76B",240.262157131962,-102
"528","327749",233.651436467873,-107
"529","326543",49.2650238873307,-70
"530","339CAE",142.350632289808,-96
"531","339BB0",265.497431596722,-111
"532","328CCF",402.573049470161,-104
"533","379B89",51.9342762321842,-64
"534","3B3B89",202.329622196189,-85
"535","37824B",226.968523435215,-102
"536","377E5F",135.268829608487,-103
"537","327749",232.134784571542,-106
"538","326543",57.3470614003293,-73
"539","339CAE",151.750768772831,-100
"540","328FAF",287.704027740416,-102
"541","339BB0",256.263103509403,-101
"542","32841A",191.333482316991,-93
"543","33DA3C",132.943577762391,-106
"544","3282EC",272.113664941652,-91
"545","328D0C",362.000880537088,-102
"546","328CCF",409.143606202205,-107
"547","3648E1",267.649018551963,-100
"548","379B89",46.1749500307316,-56
"549","3B3B89",197.003255954484,-86
"550","37824B",230.106874410096,-105
"551","377E5F",128.228944266686,-95
"552","33D76B",257.562350220395,-105
"553","326572",327.259161863085,-105
"554","327749",231.675541609462,-101
"555","326543",64.6409021908977,-69
"556","328FAF",281.415973127686,-97
"557","339BB0",248.622102619253,-97
"558","33DA3C",137.248878776629,-96
"559","3282EC",279.736089270682,-94
"560","328D0C",360.008151187966,-109
"561","328CCF",415.119104581638,-105
"562","379B89",39.7125188512423,-45
"563","3B3B89",190.498375299422,-81
"564","37824B",231.893025968011,-101
"565","377E5F",120.424856529817,-101
"566","33D76B",265.610226145895,-107
"567","327749",229.724892664839,-94
"568","326543",71.5126857613204,-86
"569","339CAE",167.648098505951,-109
"570","328FAF",274.102775943717,-92
"571","339BB0",240.512219515582,-105
"572","33DA3C",140.46661098371,-95
"573","3282EC",286.925967469115,-104
"574","328D0C",356.459889347705,-96
"575","3648E1",277.844638936044,-106
"576","3B3B89",182.481779114812,-69
"577","37824B",225.343577018027,-98
"578","377E5F",114.392122675379,-90
"579","326572",318.054420590518,-99
"580","327749",221.17961522483,-99
"581","326543",71.6694095395743,-77
"582","339CAE",170.507899262433,-102
"583","328FAF",266.9836856972,-99
"584","339BB0",236.073048941977,-105
"585","379B89",31.6317577611734,-42
"586","32841A",202.736788713693,-92
"587","33DA3C",135.290625443763,-96
"588","3282EC",287.149490342575,-96
"589","328D0C",347.611003397454,-98
"590","3648E1",273.898839357435,-104
"591","3B3B89",173.863510082361,-87
"592","377E5F",107.032660719334,-97
"593","3765DD",323.116390619517,-99
"594","33D76B",274.443909996265,-110
"595","326572",311.401079649332,-107
"596","327749",213.930624657292,-85
"597","326543",75.3752720373547,-100
"598","339CAE",175.977009820355,-99
"599","328FAF",258.790775838413,-99
"600","339BB0",229.815041978951,-100
"601","379B89",23.0927906670399,-51
"602","32841A",204.123447071891,-108
"603","33DA3C",133.041561329274,-93
"604","3282EC",290.220778994909,-98
"605","328D0C",339.443649990105,-92
"606","3648E1",272.803475277083,-105
"607","37824B",216.264740678404,-103
"608","377E5F",100.167838737882,-96
"609","33D76B",279.770298657711,-99
"610","3B3B89",165.035509692351,-77
"611","326572",303.914656535534,-111
"612","327749",205.913804600892,-93
"613","326543",79.2675339767205,-90
"614","339CAE",181.233020527265,-95
"615","328FAF",250.626582568439,-108
"616","379B89",14.7958158613262,-47
"617","33DA3C",130.305812636325,-97
"618","3282EC",292.769397430953,-105
"619","328D0C",330.594708459344,-92
"620","377E5F",95.4327945524633,-90
"621","3765DD",311.986370742865,-106
"622","33D76B",283.618050300757,-102
"623","326572",297.328345070567,-106
"624","327749",198.969430993581,-92
"625","326543",82.3706516727431,-83
"626","328FAF",244.373149254812,-95
"627","339BB0",220.396980627751,-103
"628","379B89",9.99058323536148,-57
"629","33DA3C",127.670669576381,-96
"630","3282EC",294.251587667799,-104
"631","328D0C",323.113748547233,-91
"632","328CCF",412.032808606151,-111
"633","3648E1",268.860619946266,-106
"634","3B3B89",150.827714125541,-80
"635","326572",290.270721623637,-104
"636","327749",191.556082592032,-89
"637","326543",86.0320953389474,-90
"638","339CAE",189.233251188169,-108
"639","328FAF",237.991330244276,-94
"640","339BB0",216.85831330227,-105
"641","33DA3C",125.06116302112,-95
"642","377E5F",91.0619227668506,-97
"643","3282EC",295.76410997945,-108
"644","328D0C",315.156085064997,-96
"645","3648E1",266.574739926992,-104
"646","3B3B89",143.649382305332,-71
"647","326572",283.872723383059,-104
"648","327749",184.755459954689,-89
"649","326543",90.6514088392637,-83
"650","339CAE",193.99368584213,-105
"651","328FAF",231.525644559646,-99
"652","339BB0",213.059508242367,-98
"653","379B89",14.6863389995982,-57
"654","33DA3C",123.657373524309,-96
"655","377E5F",86.7400857340591,-87
"656","3282EC",298.078902362834,-99
"657","37824B",202.875551368468,-102
"658","3B3B89",135.332074508675,-71
"659","326543",98.2506924016583,-82
"660","339CAE",201.57385931853,-106
"661","33DA3C",126.387146047966,-88
"662","377E5F",79.8019613778834,-80
"663","3282EC",303.942457967414,-97
"664","3648E1",267.801631431214,-103
"665","37824B",202.514372951103,-105
"666","3765DD",299.588833487451,-105
"667","326572",278.169151109407,-104
"668","327749",177.789485567312,-93
"669","326543",106.118112731731,-86
"670","328FAF",215.377373207968,-95
"671","339BB0",198.984068754768,-100
"672","379B89",24.6527868796929,-64
"673","33DA3C",131.178390921461,-90
"674","377E5F",72.4129198041072,-85
"675","3282EC",310.851392873009,-104
"676","3648E1",272.258689740722,-108
"677","37824B",204.506370654714,-97
"678","3765DD",300.161828817482,-106
"679","326572",276.504871738764,-102
"680","327749",175.580577562926,-92
"681","326543",114.913418824925,-88
"682","339CAE",218.188106496521,-105
"683","328FAF",206.567956752747,-96
"684","339BB0",190.8494859939,-90
"685","379B89",31.7792401740865,-68
"686","326039",338.057366962721,-109
"687","33DA3C",136.862138585988,-97
"688","377E5F",64.3282875997415,-79
"689","328D0C",291.509261975351,-101
"690","328CCF",420.023341627206,-108
"691","3B3B89",119.501721609937,-69
"692","3648E1",277.405174749153,-105
"693","37824B",207.051436026924,-96
"694","327749",174.037781369175,-93
"695","326543",122.459587026822,-86
"696","339CAE",225.708247844321,-103
"697","328FAF",199.026406493206,-93
"698","339BB0",183.929370234418,-90
"699","379B89",38.4627452932049,-76
"700","326039",341.288660206061,-107
"701","33DA3C",142.00096124444,-87
"702","377E5F",57.5811286753881,-82
"703","3282EC",325.316112281719,-105
"704","328D0C",287.397648379083,-104
"705","328CCF",424.334113135288,-109
"706","3B3B89",112.443093558742,-64
"707","3648E1",281.971538013363,-103
"708","37824B",209.517822970089,-108
"709","326572",275.310405354302,-107
"710","328FAF",193.092087490597,-91
"711","339BB0",178.51440180298,-85
"712","32841A",236.461599439355,-97
"713","326039",343.939376241066,-109
"714","33DA3C",146.206279558143,-89
"715","377E5F",52.4274738011151,-78
"716","328D0C",284.269663917521,-104
"717","328CCF",427.801707318118,-107
"718","3B3B89",106.940992205848,-67
"719","3648E1",285.66664831531,-105
"720","327749",173.058436755296,-96
"721","37824B",211.641693761465,-96
"722","3765DD",302.891289486652,-108
"723","339CAE",238.825800222596,-102
"724","328FAF",186.140455874501,-93
"725","339BB0",171.7264759879,-81
"726","379B89",50.3377396251855,-78
"727","326039",347.959850892646,-106
"728","33DA3C",151.954591664101,-87
"729","377E5F",46.0383772434642,-67
"730","328D0C",281.397329862111,-98
"731","326543",135.599892247654,-94
"732","328CCF",432.691564639007,-105
"733","3B3B89",100.819881392217,-71
"734","3648E1",290.826805940759,-98
"735","327749",172.998954094912,-91
"736","37824B",215.145051052523,-88
"737","3765DD",304.94849195552,-102
"738","328FAF",178.832665082865,-94
"739","339BB0",164.683570602208,-82
"740","379B89",57.3057101408419,-84
"741","326039",352.187203148303,-106
"742","33DA3C",158.044117236665,-84
"743","328D0C",278.43653762577,-105
"744","328CCF",437.802502776475,-102
"745","3B3B89",94.4879383629862,-76
"746","3648E1",296.24945495075,-103
"747","327749",173.134970246078,-89
"748","37824B",218.910466380734,-91
"749","3765DD",307.156897868329,-100
"750","326572",274.757959469409,-104
"751","339BB0",157.599149800157,-88
"752","32841A",256.638172921422,-95
"753","379B89",64.5432580236813,-76
"754","326039",356.541253310195,-111
"755","33DA3C",164.319816314546,-86
"756","3282EC",351.596220372955,-97
"757","377E5F",33.8196906450157,-60
"758","328D0C",275.543444665185,-100
"759","328CCF",443.019694283834,-99
"760","3B3B89",88.2078321985486,-67
"761","3648E1",301.808841001206,-103
"762","327749",173.54239335905,-97
"763","37824B",222.877367479324,-106
"764","3765DD",309.510118593909,-107
"765","326572",275.063708436677,-107
"766","339CAE",254.032397400749,-99
"767","339BB0",151.284773360798,-78
"768","32841A",262.879034920362,-102
"769","379B89",71.6802462455536,-79
"770","33DA3C",169.926920194625,-95
"771","377E5F",29.6764232460717,-58
"772","328D0C",272.253528141767,-99
"773","326543",158.046223612289,-87
"774","328CCF",447.449665796916,-104
"775","3B3B89",82.0057934620807,-60
"776","327749",173.465508214892,-87
"777","3765DD",311.158014328989,-103
"778","328FAF",164.21575284628,-82
"779","379B89",78.2698526704156,-94
"780","33DA3C",170.389862292196,-97
"781","3282EC",360.253854702207,-107
"782","377E5F",33.4061059520887,-50
"783","328D0C",264.325995820248,-89
"784","326543",162.761995664326,-94
"785","328CCF",445.895537287307,-108
"786","3B3B89",74.1758364686824,-74
"787","3648E1",305.667974711734,-106
"788","327749",167.395436144947,-79
"789","3765DD",306.464059593325,-97
"790","328FAF",158.032578716151,-96
"791","326572",268.471311483009,-97
"792","339CAE",265.706310716277,-110
"793","377E5F",41.5172977459237,-52
"794","328D0C",256.934048109265,-89
"795","326543",162.154376723262,-106
"796","3B3B89",70.3975546657664,-62
"797","3648E1",299.547720997968,-103
"798","327749",159.072654828913,-78
"799","3765DD",298.384224021297,-108
"800","339BB0",154.966566768375,-86
"801","328FAF",157.374903448153,-86
"802","326572",260.150114215402,-96
"803","339CAE",264.654534523006,-111
"804","32841A",260.366602672276,-104
"805","33DA3C",162.33078312954,-95
"806","3282EC",354.827248282585,-104
"807","328D0C",248.846375120833,-86
"808","326543",163.693980835677,-93
"809","3B3B89",65.8246156345388,-66
"810","327749",150.877149021211,-78
"811","379B89",85.2387847296177,-87
"812","37824B",209.665263557009,-103
"813","3765DD",290.828918996913,-105
"814","339BB0",158.790861431801,-100
"815","328FAF",155.434692336358,-84
"816","326572",251.859008671052,-96
"817","32841A",258.068643095493,-103
"818","3282EC",356.298463878884,-104
"819","377E5F",55.0910761359693,-61
"820","328D0C",241.457763510871,-87
"821","328CCF",431.941257358188,-108
"822","3B3B89",60.0939728597582,-59
"823","3648E1",293.475457925463,-103
"824","327749",144.969711910753,-87
"825","379B89",91.6583225730758,-84
"826","37824B",206.670161785358,-95
"827","3765DD",286.042306857848,-105
"828","339BB0",159.693491242843,-81
"829","328FAF",151.346892983267,-83
"830","326572",245.668432711393,-102
"831","32841A",259.179618915864,-103
"832","3282EC",361.016301807872,-97
"833","377E5F",59.1085441560536,-61
"834","328D0C",234.887115895428,-104
"835","326543",174.897237620411,-93
"836","328CCF",433.307418102628,-100
"837","33DA3C",166.772958830724,-85
"838","3B3B89",52.7277700561914,-56
"839","3648E1",295.64352374407,-103
"840","327749",141.662680911037,-88
"841","379B89",99.3802836568062,-85
"842","37824B",207.117283455342,-90
"843","3765DD",284.208891731155,-98
"844","339BB0",157.635436241303,-81
"845","328FAF",144.897263217082,-88
"846","326572",241.790628065917,-97
"847","32841A",263.637657743266,-96
"848","377E5F",60.4314525678576,-62
"849","328D0C",231.483207551765,-103
"850","326543",181.578044141828,-96
"851","328CCF",437.35574736385,-93
"852","33DA3C",172.501820516727,-85
"853","3B3B89",46.106106425183,-59
"854","3648E1",300.261929887586,-92
"855","327749",142.097536620665,-79
"856","379B89",105.580779477348,-83
"857","37824B",210.602266017872,-89
"858","3765DD",285.822929977106,-90
"859","339BB0",153.394752255266,-80
"860","33D76B",378.259536477182,-110
"861","328FAF",138.286181407587,-85
"862","32841A",269.562316151359,-95
"863","326039",344.982308137315,-103
"864","328D0C",230.233814228524,-108
"865","326543",188.553901653965,-96
"866","33DA3C",179.711896758302,-82
"867","3B3B89",39.7318997811082,-49
"868","3648E1",306.846753875183,-96
"869","327749",145.274192821051,-96
"870","379B89",111.274141250202,-92
"871","37824B",216.393378437721,-96
"872","377E5F",60.2778283684296,-67
"873","3765DD",289.978298714142,-96
"874","339BB0",147.242197547825,-80
"875","328FAF",131.07792855481,-86
"876","339CAE",289.650450927022,-102
"877","32841A",276.836629275696,-94
"878","3282EC",374.353153514866,-91
"879","328CCF",447.145478761999,-108
"880","33DA3C",185.907568901013,-85
"881","3B3B89",31.4047769387034,-48
"882","3648E1",311.332360141807,-102
"883","327749",144.764935768951,-90
"884","379B89",119.560752272108,-92
"885","37824B",219.457158269769,-105
"886","377E5F",65.3426606010991,-73
"887","3765DD",290.528936266742,-105
"888","339BB0",144.049702522716,-84
"889","33D76B",393.173148981615,-103
"890","328FAF",123.327681941838,-89
"891","326039",353.412160545301,-108
"892","3282EC",380.951888070841,-95
"893","328CCF",453.216146824228,-98
"894","33DA3C",193.206447709597,-90
"895","3B3B89",25.0132457739941,-59
"896","3648E1",317.896372293109,-104
"897","327749",148.163754235484,-85
"898","379B89",125.920313296588,-91
"899","37824B",225.262055513986,-94
"900","377E5F",67.4177173483581,-66
"901","3765DD",294.58360356727,-94
"902","339BB0",138.520168074369,-84
"903","33D76B",400.649814059481,-108
"904","328FAF",115.862291649746,-100
"905","326572",244.461677668301,-99
"906","32841A",290.63830147817,-100
"907","326039",358.980439159908,-104
"908","3282EC",388.346628311556,-99
"909","328D0C",223.434936015178,-99
"910","326543",203.925820121408,-105
"911","33DA3C",197.781648824119,-88
"912","327749",155.072257770059,-80
"913","379B89",125.695879557385,-80
"914","37824B",231.606889401502,-101
"915","377E5F",62.8914576945165,-62
"916","3765DD",301.45932464102,-101
"917","339BB0",131.998608867572,-94
"918","33D76B",403.418750592823,-108
"919","328FAF",113.458218748026,-93
"920","326572",251.283954563145,-99
"921","326039",365.45235090413,-106
"922","3282EC",392.560863790033,-104
"923","328D0C",228.94234834522,-104
"924","326543",205.742912565388,-97
"925","328CCF",459.401210564824,-102
"926","327749",163.221417732609,-82
"927","379B89",125.745270869788,-98
"928","37824B",239.066998985704,-90
"929","377E5F",58.0099411599888,-84
"930","3765DD",309.556852337695,-96
"931","339BB0",124.420836074878,-83
"932","33D76B",406.654670350356,-108
"933","3B3B89",31.1068725298894,-71
"934","326572",259.365058438877,-93
"935","339CAE",310.083337550944,-106
"936","32841A",300.144075358935,-95
"937","326039",373.04897280535,-99
"938","33DA3C",203.22371557534,-95
"939","3282EC",397.494379906845,-96
"940","326543",207.996196755494,-96
"941","328CCF",466.648678044716,-101
"942","3648E1",330.433587123414,-94
"943","327749",171.120301440777,-83
"944","379B89",127.132975272633,-90
"945","37824B",246.641990522783,-92
"946","377E5F",54.8036829674474,-72
"947","3765DD",317.477931338893,-103
"948","339BB0",116.835728377181,-76
"949","3B3B89",35.9202424290737,-77
"950","328FAF",108.873038430406,-95
"951","326572",267.070745863445,-92
"952","32841A",305.873858183105,-99
"953","326039",380.707785313461,-97
"954","33DA3C",209.253191422429,-91
"955","3282EC",403.019540651359,-97
"956","328D0C",241.726624760782,-105
"957","326543",211.24708643683,-102
"958","328CCF",474.056442899186,-102
"959","3648E1",337.487936948189,-100
"960","379B89",129.126644506256,-88
"961","37824B",254.519379462297,-95
"962","377E5F",52.6098267980866,-64
"963","3765DD",325.674101565502,-96
"964","339BB0",109.017934588162,-74
"965","3B3B89",41.866879119302,-81
"966","328FAF",106.886305479521,-95
"967","326572",275.042436632395,-92
"968","327749",179.290651069326,-82
"969","32841A",311.94558806255,-94
"970","326039",388.65879007951,-97
"971","33DA3C",215.659716458611,-89
"972","328D0C",248.098467666984,-104
"973","326543",214.922598815639,-94
"974","3648E1",344.8542673212,-107
"975","37824B",260.046439707042,-97
"976","377E5F",49.7251578774367,-59
"977","3765DD",331.969748832436,-92
"978","339BB0",103.743568389686,-84
"979","33D76B",416.711284733514,-104
"980","3B3B89",48.075202014544,-85
"981","328FAF",107.776669853739,-97
"982","326572",281.631316537005,-90
"983","327749",185.725863056955,-80
"984","326039",394.292298136565,-106
"985","33DA3C",219.443380000862,-96
"986","3282EC",412.007031616884,-99
"987","328D0C",254.301310388869,-102
"988","326543",216.137908644727,-94
"989","328CCF",487.00739477528,-101
"990","379B89",129.059814735526,-92
"991","37824B",267.390917142428,-99
"992","377E5F",52.6832401990695,-68
"993","3765DD",338.752377701729,-96
"994","339BB0",96.3247948279516,-78
"995","328FAF",103.962333149206,-90
"996","326572",287.566741336971,-104
"997","327749",192.25981467317,-83
"998","32841A",322.481378672279,-97
"999","326039",401.601179039271,-100
"1000","33DA3C",226.71502331379,-92
"1001","3282EC",419.040075114844,-98
"1002","326543",222.161264224379,-99
"1003","328CCF",494.418628605256,-96
"1004","3648E1",357.107452348138,-97
"1005","379B89",134.236935631477,-94
"1006","377E5F",57.6435628040375,-68
"1007","3765DD",344.665226379351,-104
"1008","339BB0",89.3372998046325,-85
"1009","33D76B",429.90973381197,-109
"1010","328FAF",99.2436405674972,-91
"1011","326572",292.407615828396,-108
"1012","327749",197.880822313251,-95
"1013","32841A",329.791262388756,-96
"1014","326039",408.34636566618,-101
"1015","33DA3C",234.038263725979,-88
"1016","3282EC",426.32101222818,-94
"1017","326543",228.931021667778,-96
"1018","328CCF",501.414715315334,-96
"1019","3648E1",364.279947182837,-95
"1020","379B89",140.490354567703,-105
"1021","377E5F",63.6515003021882,-84
"1022","339BB0",81.615701586984,-87
"1023","3B3B89",60.1135375382818,-92
"1024","328FAF",94.4452182919387,-85
"1025","327749",204.297858549187,-101
"1026","32841A",337.913895146339,-102
"1027","326039",415.893470242549,-106
"1028","33DA3C",242.179843827048,-95
"1029","3282EC",434.409327000622,-99
"1030","328D0C",262.847202254837,-108
"1031","326543",236.470478942856,-99
"1032","328CCF",509.222417471732,-99
"1033","3648E1",372.273478762408,-106
"1034","379B89",147.524480745637,-110
"1035","37824B",281.860601173906,-95
"1036","339BB0",74.8364649004155,-85
"1037","3B3B89",64.2499099820995,-95
"1038","328FAF",89.2774045607878,-80
"1039","326572",302.451387059058,-110
"1040","327749",209.769009374882,-97
"1041","32841A",345.696826144908,-102
"1042","33DA3C",249.89670097231,-91
"1043","3282EC",442.215973762005,-97
"1044","377E5F",70.4744230971495,-88
"1045","328D0C",264.519043909765,-104
"1046","326543",244.098626356063,-97
"1047","328CCF",516.292361584716,-109
"1048","3648E1",379.631108298943,-99
"1049","379B89",154.874218671981,-103
"1050","339BB0",68.6973402491137,-67
"1051","3B3B89",68.2200580916545,-93
"1052","328FAF",82.8291040164035,-88
"1053","327749",214.743130453783,-102
"1054","32841A",353.979873555055,-102
"1055","33DA3C",258.011693683667,-94
"1056","377E5F",78.7543546653701,-87
"1057","328D0C",265.008962272073,-102
"1058","326543",252.701422614749,-95
"1059","328CCF",523.289781873142,-104
"1060","3648E1",387.082937550659,-107
"1061","379B89",163.389984804519,-100
"1062","37824B",295.457436247983,-106
"1063","328FAF",76.3453387687623,-79
"1064","339BB0",62.6076007231474,-72
"1065","33DA3C",266.916752977088,-98
"1066","3282EC",459.75045819466,-98
"1067","377E5F",87.8326853035656,-81
"1068","328D0C",265.937183712253,-110
"1069","326543",262.07672468925,-90
"1070","328CCF",531.015317012152,-105
"1071","379B89",172.671867701093,-99
"1072","37824B",302.952078351195,-101
"1073","3B3B89",74.413170506665,-89
"1074","328FAF",69.0631944732046,-83
"1075","339BB0",62.5806753263156,-66
"1076","326039",438.666636920513,-108
"1077","33DA3C",271.684212219062,-93
"1078","3282EC",465.043403585452,-102
"1079","377E5F",94.9918975752916,-91
"1080","326543",268.544755297055,-108
"1081","328CCF",533.912585590738,-106
"1082","3648E1",398.888846799008,-100
"1083","379B89",179.535205895361,-103
"1084","37824B",305.619104660378,-101
"1085","326572",299.607351713718,-107
"1086","327749",211.367237442318,-91
"1087","328FAF",65.1810555280884,-85
"1088","339BB0",72.8792795767214,-71
"1089","326039",429.510480602733,-109
"1090","33DA3C",264.999534752448,-96
"1091","377E5F",93.9313891136229,-90
"1092","326543",264.903427784897,-102
"1093","328CCF",525.180841048863,-98
"1094","3B3B89",64.7148509705377,-78
"1095","3648E1",390.795686924815,-98
"1096","379B89",177.101857280553,-100
"1097","37824B",296.756382479638,-95
"1098","3765DD",358.924003174633,-105
"1099","327749",202.975240714196,-90
"1100","328FAF",66.2580426579016,-88
"1101","339BB0",80.9902996964407,-88
"1102","33DA3C",257.671408874591,-98
"1103","377E5F",90.7890025126778,-80
"1104","326543",259.443438162948,-106
"1105","328CCF",516.924547449561,-97
"1106","3B3B89",56.2963092491617,-77
"1107","3648E1",382.772469233681,-107
"1108","379B89",172.591916519029,-103
"1109","37824B",288.469667713066,-95
"1110","3765DD",350.540073636,-102
"1111","326572",291.52297266784,-108
"1112","328FAF",64.1981094825061,-69
"1113","339BB0",86.0440523858338,-85
"1114","33DA3C",255.49095375603,-93
"1115","3282EC",450.183690412151,-103
"1116","377E5F",92.4328942646096,-77
"1117","328CCF",513.265312727597,-100
"1118","3B3B89",52.0382639901693,-79
"1119","3648E1",379.589155808441,-99
"1120","37824B",284.749532251877,-97
"1121","327749",198.375405837345,-104
"1122","3765DD",345.902224912973,-105
"1123","328FAF",58.5901906750026,-73
"1124","339BB0",90.2499660610801,-77
"1125","33DA3C",257.007880320738,-95
"1126","377E5F",98.1946903607441,-84
"1127","328D0C",234.807061790441,-103
"1128","326543",262.898583317483,-106
"1129","328CCF",512.408246851025,-101
"1130","3B3B89",50.6438269599268,-76
"1131","3648E1",379.559153042519,-102
"1132","327749",195.742528784087,-102
"1133","3765DD",343.115950694499,-99
"1134","328FAF",53.0720046051225,-63
"1135","339BB0",94.26803330833,-78
"1136","32841A",356.758926349509,-104
"1137","33DA3C",259.176068918885,-96
"1138","3282EC",454.55004645414,-108
"1139","377E5F",104.230717443988,-85
"1140","328D0C",229.355392647783,-100
"1141","328CCF",512.195170520312,-99
"1142","3B3B89",50.7235270717605,-82
"1143","3648E1",380.188056796298,-99
"1144","379B89",182.85746802536,-107
"1145","37824B",283.654888926312,-96
"1146","327749",193.889028680943,-95
"1147","3765DD",341.012202874195,-102
"1148","339BB0",97.3092342626149,-77
"1149","33DA3C",262.022468549349,-90
"1150","3282EC",457.582875098139,-107
"1151","377E5F",109.912458614723,-97
"1152","328D0C",225.26224705658,-99
"1153","326543",271.599997466631,-103
"1154","3B3B89",52.4081801517494,-77
"1155","3648E1",381.722935265271,-107
"1156","379B89",187.920835778551,-107
"1157","328FAF",47.9669747090191,-62
"1158","37824B",284.523983260395,-100
"1159","327749",193.343603830255,-106
"1160","3765DD",340.15647867948,-106
"1161","339BB0",98.1185084550912,-76
"1162","32841A",363.476190304645,-101
"1163","33DA3C",265.75638381074,-89
"1164","3282EC",461.397238855713,-94
"1165","377E5F",114.562222483297,-89
"1166","328D0C",223.766064237394,-105
"1167","328CCF",515.443428134408,-97
"1168","3B3B89",55.7111019752622,-73
"1169","3648E1",384.678846877475,-99
"1170","379B89",192.55573772176,-104
"1171","328FAF",43.358215310208,-70
"1172","327749",194.932414156182,-89
"1173","3765DD",341.461398179688,-91
"1174","33DA3C",268.391569709622,-99
"1175","377E5F",120.748372215137,-85
"1176","328D0C",218.674182321222,-99
"1177","328CCF",515.588750753859,-101
"1178","3B3B89",57.9014007783432,-81
"1179","3648E1",385.724938502728,-105
"1180","328FAF",38.5332926524295,-67
"1181","37824B",287.412812634208,-108
"1182","327749",193.799611758449,-97
"1183","33DA3C",266.38382069247,-110
"1184","3282EC",462.241911735246,-100
"1185","377E5F",124.590983720989,-92
"1186","328D0C",210.758885965282,-99
"1187","328CCF",510.812847588285,-100
"1188","3B3B89",56.1024422377477,-73
"1189","3648E1",381.866695964058,-100
"1190","328FAF",38.9519144566761,-74
"1191","37824B",282.893063758827,-102
"1192","327749",188.019682025537,-108
"1193","3765DD",333.576424416019,-103
"1194","326572",267.78247766477,-104
"1195","339BB0",110.706956105109,-95
"1196","33DA3C",268.030145059303,-106
"1197","3282EC",463.880753121832,-106
"1198","377E5F",130.788475007489,-97
"1199","328D0C",204.372596500936,-103
"1200","328CCF",509.504548895047,-98
"1201","3B3B89",58.6519468552563,-75
"1202","3648E1",381.606950982094,-108
"1203","379B89",204.854304298097,-102
"1204","328FAF",37.4485418939412,-63
"1205","37824B",281.954908914412,-99
"1206","327749",185.63975171327,-96
"1207","3765DD",330.473818042593,-99
"1208","326572",263.521166020963,-104
"1209","339BB0",117.038799776589,-82
"1210","32841A",365.795435655256,-107
"1211","33DA3C",266.14485472302,-102
"1212","3282EC",461.924739477578,-106
"1213","377E5F",133.815384593096,-101
"1214","328D0C",197.962105695204,-95
"1215","326543",285.228851904071,-108
"1216","328CCF",505.293180001047,-110
"1217","3B3B89",58.1344780332066,-75
"1218","3648E1",378.157737264994,-106
"1219","379B89",206.259626840818,-108
"1220","328FAF",40.5877652326876,-72
"1221","37824B",278.046706022126,-102
"1222","327749",180.8260872569,-96
"1223","3765DD",325.185071746724,-102
"1224","339BB0",123.447671234442,-85
"1225","33DA3C",264.322284496645,-98
"1226","3282EC",459.95867281321,-98
"1227","377E5F",137.341927024088,-102
"1228","328D0C",191.105992949569,-95
"1229","326543",285.611777806812,-107
"1230","328CCF",500.869902020584,-105
"1231","3B3B89",58.3981574038578,-73
"1232","3648E1",374.587584341952,-104
"1233","379B89",208.006985722953,-100
"1234","328FAF",44.6966490295017,-73
"1235","37824B",274.002100240603,-101
"1236","327749",175.817232755795,-106
"1237","3765DD",319.596626122196,-98
"1238","339BB0",130.302766933242,-88
"1239","3282EC",460.809972463969,-102
"1240","377E5F",142.100368261353,-97
"1241","328D0C",185.936650653324,-101
"1242","326543",288.346665236192,-102
"1243","328CCF",499.40913305814,-104
"1244","33DA3C",265.349351913217,-103
"1245","3B3B89",61.4295263379315,-70
"1246","379B89",211.700988386141,-100
"1247","328FAF",46.5575242375999,-65
"1248","37824B",272.980924093923,-100
"1249","327749",173.817600381379,-100
"1250","339BB0",135.516202269667,-93
"1251","328D0C",178.743389276007,-107
"1252","326543",287.76606276127,-107
"1253","328CCF",493.872701509682,-93
"1254","33DA3C",262.498157372771,-101
"1255","3B3B89",61.8624446079338,-74
"1256","3648E1",369.318489753645,-91
"1257","379B89",212.679312467598,-105
"1258","328FAF",52.8661850125096,-66
"1259","37824B",267.894401627888,-93
"1260","327749",167.903549798672,-81
"1261","3765DD",310.303792271513,-90
"1262","326572",240.810804741866,-95
"1263","339BB0",142.673509133236,-100
"1264","32841A",359.73542768285,-102
"1265","326039",393.492472018059,-108
"1266","328CCF",483.761913486275,-98
"1267","33DA3C",253.437242935257,-99
"1268","3B3B89",56.6430380581804,-69
"1269","3648E1",359.326052786538,-99
"1270","379B89",207.299391801606,-104
"1271","328FAF",62.7421261749254,-69
"1272","37824B",257.81651406274,-96
"1273","327749",157.834239066416,-85
"1274","377E5F",142.691662277871,-83
"1275","3765DD",300.540692474515,-90
"1276","326572",231.715000309784,-98
"1277","339BB0",148.862151820154,-97
"1278","328D0C",172.843032802538,-93
"1279","32841A",350.51497024202,-109
"1280","3282EC",448.40202568124,-101
"1281","33DA3C",245.930061086467,-98
"1282","3B3B89",53.4467139959725,-75
"1283","3648E1",350.948072308322,-89
"1284","379B89",203.141887465128,-104
"1285","328FAF",71.111165266464,-71
"1286","37824B",249.35649088733,-95
"1287","327749",149.365704473474,-79
"1288","377E5F",141.2486342074,-82
"1289","3765DD",292.326708680442,-95
"1290","326572",224.092618698816,-105
"1291","339BB0",154.456884650136,-101
"1292","328D0C",168.111834768214,-102
"1293","326039",374.920214049799,-108
"1294","3282EC",440.670731455272,-97
"1295","33DA3C",237.363716941469,-104
"1296","3B3B89",49.1995829217877,-68
"1297","3648E1",342.17507198043,-93
"1298","379B89",197.195926100483,-98
"1299","328FAF",79.2105054132362,-87
"1300","37824B",240.669965258584,-95
"1301","327749",141.12628693389,-86
"1302","377E5F",138.015555835548,-82
"1303","3765DD",284.747569201869,-102
"1304","326572",217.608805552075,-100
"1305","339BB0",158.684392893592,-95
"1306","328D0C",165.673765190737,-88
"1307","328CCF",466.768170795731,-99
"1308","379B89",193.780147310838,-104
"1309","328FAF",86.3168149667104,-78
"1310","327749",134.022636542121,-89
"1311","377E5F",137.251462847117,-84
"1312","3765DD",277.944254781144,-99
"1313","3B3B89",48.200153685492,-74
"1314","326572",211.479867517123,-98
"1315","339BB0",163.619203410435,-90
"1316","328D0C",162.548133988345,-86
"1317","32841A",327.588576818564,-100
"1318","328CCF",459.580601636231,-108
"1319","326543",262.439827782465,-108
"1320","3648E1",335.0272849478,-97
"1321","33DA3C",230.916976041517,-104
"1322","379B89",186.953844025189,-100
"1323","328FAF",91.4687924845069,-88
"1324","37824B",227.542671739701,-100
"1325","327749",129.236784670238,-90
"1326","377E5F",132.192220912669,-81
"1327","3765DD",274.129731205455,-99
"1328","3B3B89",43.45475734973,-71
"1329","326572",209.220153280234,-106
"1330","328D0C",164.594222860723,-94
"1331","328CCF",454.117514490279,-102
"1332","3282EC",418.186232809162,-95
"1333","3648E1",328.743171879871,-95
"1334","33DA3C",223.635569351043,-94
"1335","328FAF",97.6335669497349,-102
"1336","37824B",221.082725025882,-101
"1337","327749",123.677826265543,-76
"1338","377E5F",129.080678960234,-75
"1339","3765DD",269.245888986006,-97
"1340","3B3B89",41.359374217457,-72
"1341","326572",205.692619179178,-104
"1342","339BB0",167.167297009127,-96
"1343","328D0C",165.129414029061,-95
"1344","32841A",313.326366463843,-101
"1345","328CCF",447.948362467757,-97
"1346","328FAF",105.75840586403,-88
"1347","37824B",213.287896435531,-98
"1348","327749",115.137954203356,-85
"1349","377E5F",133.155519668388,-80
"1350","3765DD",260.537880924813,-94
"1351","3B3B89",47.2588140267363,-79
"1352","326572",197.107873260419,-104
"1353","339BB0",175.599382223826,-100
"1354","328D0C",159.051628775439,-96
"1355","32841A",307.665492483066,-106
"1356","328CCF",439.819768959268,-100
"1357","3648E1",314.640301026534,-106
"1358","33DA3C",211.302453106961,-102
"1359","379B89",181.739546826333,-102
"1360","328FAF",112.10036347626,-101
"1361","37824B",207.263933055439,-98
"1362","327749",108.595072886864,-81
"1363","377E5F",136.27801343205,-90
"1364","3765DD",253.896937121841,-106
"1365","33D76B",428.477884860975,-111
"1366","3B3B89",52.0804354996136,-81
"1367","326572",190.651050342841,-103
"1368","328D0C",154.838526632828,-96
"1369","32841A",303.214209007035,-104
"1370","328CCF",433.538782124636,-102
"1371","3282EC",400.703353996635,-108
"1372","379B89",181.923985275618,-99
"1373","37824B",201.050998503081,-91
"1374","327749",102.095646783458,-79
"1375","377E5F",138.72892777301,-80
"1376","3765DD",247.445215234629,-99
"1377","33D76B",424.423425656711,-106
"1378","3B3B89",56.5378139997005,-79
"1379","326572",184.647036764102,-96
"1380","339BB0",187.861077921837,-103
"1381","328FAF",118.537506455171,-83
"1382","328D0C",151.689320663261,-98
"1383","32841A",298.261193695314,-108
"1384","328CCF",427.151343693576,-96
"1385","3648E1",302.852041532783,-106
"1386","33DA3C",202.59944115615,-96
"1387","379B89",181.386636316717,-104
"1388","327749",95.5540043772525,-70
"1389","377E5F",142.157273282753,-78
"1390","3765DD",240.824671260111,-88
"1391","33D76B",420.992219982367,-107
"1392","3B3B89",61.9123052983974,-93
"1393","326572",178.303340118475,-98
"1394","339BB0",194.181773619352,-101
"1395","328FAF",124.95679768098,-91
"1396","328D0C",148.037105359734,-93
"1397","326039",320.746934405766,-109
"1398","3282EC",390.995784808091,-109
"1399","37824B",195.024897005861,-84
"1400","3648E1",297.071531229197,-96
"1401","33DA3C",198.607224694375,-92
"1402","379B89",181.843543590534,-98
"1403","33D76B",417.570868009188,-110
"1404","3B3B89",69.4032135492796,-83
"1405","326572",170.114643635124,-97
"1406","327749",87.5321222090149,-78
"1407","339BB0",202.381512948548,-95
"1408","328FAF",132.833305891932,-96
"1409","328D0C",142.989138652472,-96
"1410","32841A",289.053801424981,-110
"1411","377E5F",147.489913042814,-81
"1412","328CCF",413.22757352595,-104
"1413","3282EC",385.940107072592,-101
"1414","37824B",187.919557777324,-84
"1415","3648E1",290.326970234456,-103
"1416","379B89",183.633284084842,-103
"1417","33D76B",418.341170541591,-108
"1418","3B3B89",75.8525592622403,-89
"1419","326572",163.993445532854,-97
"1420","327749",83.2326584186512,-73
"1421","339BB0",208.494181942736,-97
"1422","328FAF",137.189568047175,-93
"1423","328D0C",137.098952242453,-87
"1424","32841A",288.663093651624,-102
"1425","377E5F",153.629886928024,-77
"1426","328CCF",409.495893755755,-97
"1427","3282EC",385.235345707799,-103
"1428","37824B",185.004229711691,-102
"1429","33DA3C",194.872086432115,-97
"1430","379B89",188.168690403627,-99
"1431","3765DD",227.290123093246,-99
"1432","3B3B89",78.5157812918057,-94
"1433","326572",160.30375893982,-99
"1434","327749",77.6358072947497,-72
"1435","339BB0",212.269642055332,-100
"1436","328FAF",142.703526419574,-104
"1437","328D0C",137.845300843513,-103
"1438","32841A",282.899159684106,-99
"1439","326039",303.174662495501,-110
"1440","377E5F",153.860632003451,-83
"1441","328CCF",403.705387629622,-88
"1442","3282EC",379.388976068632,-99
"1443","37824B",179.031170925848,-83
"1444","3648E1",281.813128731915,-85
"1445","33DA3C",189.355560208613,-90
"1446","379B89",185.64916976784,-98
"1447","3765DD",222.336069627486,-100
"1448","33D76B",412.967952679377,-98
"1449","3B3B89",81.534231357321,-95
"1450","326572",156.67579266359,-95
"1451","327749",70.2966481831238,-63
"1452","339BB0",216.626070176739,-107
"1453","328FAF",150.251524682991,-100
"1454","328D0C",141.280492652089,-94
"1455","326039",295.456084317287,-100
"1456","377E5F",152.745822290616,-92
"1457","328CCF",395.66998762197,-91
"1458","3282EC",370.280377129604,-98
"1459","326543",229.457506246506,-98
"1460","3648E1",273.022965597404,-95
"1461","379B89",180.449164348828,-99
"1462","3765DD",216.225773460767,-91
"1463","33D76B",404.166710192357,-110
"1464","326572",153.85264614013,-96
"1465","327749",64.6425324498669,-64
"1466","339BB0",220.515390647951,-106
"1467","328FAF",156.456235005389,-101
"1468","328D0C",144.044190470588,-92
"1469","326039",289.283760294942,-103
"1470","377E5F",152.558628701796,-76
"1471","328CCF",389.245825457462,-91
"1472","37824B",163.615645550529,-86
"1473","3648E1",266.053611654228,-93
"1474","33DA3C",173.536734330502,-102
"1475","3B3B89",84.7960544992063,-92
"1476","379B89",176.855090148594,-100
"1477","3765DD",211.342076244433,-96
"1478","327749",61.3043792039827,-68
"1479","339BB0",222.187403741051,-101
"1480","328FAF",161.652321397173,-101
"1481","328D0C",150.228741656541,-93
"1482","32841A",258.740698348797,-97
"1483","326039",284.477629935489,-107
"1484","377E5F",149.477188937208,-77
"1485","328CCF",383.915505275206,-101
"1486","3282EC",355.30308737274,-96
"1487","37824B",157.47427839675,-96
"1488","3648E1",259.434800662847,-95
"1489","3B3B89",86.0826676031697,-85
"1490","379B89",170.374033757869,-104
"1491","3765DD",208.762407512144,-97
"1492","33D76B",389.09315369562,-105
"1493","326572",154.23576532724,-88
"1494","339CAE",297.842353759456,-106
"1495","339BB0",227.237724984182,-99
"1496","328FAF",167.95314790288,-97
"1497","328D0C",151.54590010011,-93
"1498","32841A",252.824947081722,-99
"1499","326039",278.328880384023,-102
"1500","377E5F",151.617406045478,-79
"1501","328CCF",377.631382172172,-96
"1502","326543",212.025772056942,-108
"1503","3648E1",253.013404868707,-97
"1504","33DA3C",159.829915920993,-95
"1505","3B3B89",91.1177948936624,-96
"1506","327749",55.9041038769551,-61
"1507","379B89",169.167846225124,-106
"1508","3765DD",203.488864772493,-88
"1509","326572",150.694108192553,-97
"1510","339BB0",229.109765921943,-105
"1511","328FAF",170.684691627927,-101
"1512","328D0C",152.949837382265,-87
"1513","32841A",249.848669491359,-93
"1514","326039",275.756220375306,-103
"1515","377E5F",151.98146821818,-85
"1516","328CCF",374.931208664168,-92
"1517","37824B",148.226973905236,-86
"1518","3648E1",250.079903851561,-92
"1519","33DA3C",156.960072804951,-102
"1520","3B3B89",93.0299885582163,-93
"1521","327749",53.9648585300384,-66
"1522","3765DD",201.547119372257,-91
"1523","33D76B",380.913585676593,-108
"1524","326572",149.779564049625,-110
"1525","339BB0",229.332423288028,-98
"1526","328FAF",170.652431134583,-109
"1527","328D0C",152.3852457008,-85
"1528","32841A",250.19042511771,-95
"1529","377E5F",152.440665978301,-78
"1530","3282EC",346.564747546962,-97
"1531","328CCF",374.948153985976,-101
"1532","37824B",148.31398255745,-90
"1533","3648E1",250.225007522172,-96
"1534","33DA3C",157.367129189781,-92
"1535","3B3B89",93.2407293233255,-90
"1536","327749",53.7465697276122,-84
"1537","379B89",168.527215072996,-93
"1538","3765DD",201.335636001779,-99
"1539","326572",149.38265812636,-103
"1540","339BB0",226.758720493207,-101
"1541","32841A",252.402582127346,-93
"1542","326039",278.513787278279,-102
"1543","377E5F",150.813425226902,-72
"1544","328CCF",377.739660963178,-96
"1545","37824B",151.070043595803,-84
"1546","326543",211.249607873664,-98
"1547","3648E1",252.918363442861,-93
"1548","33DA3C",159.294641209791,-101
"1549","3B3B89",90.6479490709219,-89
"1550","327749",56.3477780519244,-66
"1551","379B89",168.277738487271,-102
"1552","3765DD",203.939517895821,-96
"1553","33D76B",383.186834547331,-102
"1554","326572",151.402895471866,-95
"1555","339CAE",297.187091927269,-108
"1556","339BB0",226.175963510014,-100
"1557","32841A",253.009915885473,-98
"1558","326039",279.188182693629,-108
"1559","377E5F",150.512599370479,-76
"1560","328CCF",378.423886038041,-106
"1561","328D0C",152.339173509402,-106
"1562","37824B",151.75927190067,-103
"1563","3648E1",253.603670635967,-98
"1564","3B3B89",90.0602952115444,-90
"1565","327749",56.9453057726015,-70
"1566","379B89",168.33378456157,-97
"1567","3765DD",204.534898176683,-102
"1568","326572",151.823293852759,-98
"1569","32841A",253.009915885473,-98
"1570","326039",279.188182693629,-108
"1571","377E5F",150.512599370479,-77
"1572","3282EC",349.502217815846,-99
"1573","328CCF",378.423886038041,-107
"1574","328D0C",152.339173509402,-104
"1575","37824B",151.75927190067,-106
"1576","3648E1",253.603670635967,-97
"1577","33DA3C",159.846970822177,-95
"1578","3B3B89",90.0602952115444,-90
"1579","327749",56.9453057726015,-71
"1580","379B89",168.33378456157,-99
"1581","3765DD",204.534898176683,-102
"1582","33D76B",383.722078035529,-107
"1583","326572",151.823293852759,-98
"1584","339CAE",297.655302910299,-110
"1585","339BB0",226.175963510014,-100
"1586","326039",279.188182693629,-107
"1587","377E5F",150.512599370479,-79
"1588","3282EC",349.502217815846,-100
"1589","328CCF",378.423886038041,-97
"1590","328D0C",152.339173509402,-105
"1591","37824B",151.75927190067,-95
"1592","3648E1",253.603670635967,-93
"1593","3B3B89",90.0602952115444,-91
"1594","327749",56.9453057726015,-66
"1595","379B89",168.33378456157,-97
"1596","3765DD",204.534898176683,-97
"1597","326572",151.823293852759,-92
"1598","339CAE",297.655302910299,-107
"1599","328FAF",167.178528470355,-107
"1600","339BB0",226.175963510014,-101
"1601","32841A",253.009915885473,-99
"1602","377E5F",149.684547645789,-73
"1603","328CCF",379.78370900651,-100
"1604","328D0C",152.447875194795,-96
"1605","37824B",153.094814871316,-87
"1606","326543",212.015370569343,-97
"1607","3648E1",254.902686521653,-102
"1608","3B3B89",88.7775368938063,-94
"1609","327749",58.2453854548469,-84
"1610","379B89",168.17248613149,-99
"1611","3765DD",205.830344526488,-89
"1612","326572",152.863478973363,-87
"1613","328FAF",165.822206831472,-96
"1614","339BB0",224.898280409472,-108
"1615","32841A",254.057256584403,-97
"1616","326039",280.552966425079,-101
"1617","377E5F",149.086567122791,-78
"1618","3282EC",356.696295106072,-101
"1619","328CCF",385.326455891018,-95
"1620","328D0C",149.905126077665,-95
"1621","37824B",158.919242139692,-84
"1622","326543",216.657858758267,-99
"1623","3648E1",260.89020787069,-91
"1624","3B3B89",85.009064187513,-87
"1625","327749",62.5223763519976,-70
"1626","379B89",170.741011823634,-96
"1627","3765DD",209.930346582243,-92
"1628","33D76B",390.342459969435,-108
"1629","326572",155.011972212062,-92
"1630","328FAF",160.239279914822,-97
"1631","339BB0",221.093064639929,-96
"1632","326039",285.853912671877,-108
"1633","377E5F",151.221713239441,-85
"1634","328CCF",390.112223152337,-97
"1635","328D0C",145.145997095502,-92
"1636","37824B",164.322149717145,-88
"1637","326543",223.179802850261,-99
"1638","3648E1",266.659204367497,-101
"1639","33DA3C",173.474731515943,-94
"1640","3B3B89",83.4826334863502,-102
"1641","327749",65.7347632257695,-78
"1642","379B89",175.835342216083,-110
"1643","3765DD",212.535334352625,-92
"1644","33D76B",397.22719002107,-106
"1645","326572",155.206175291269,-95
"1646","339CAE",310.612799899408,-111
"1647","328FAF",155.542904671703,-97
"1648","339BB0",219.235633492754,-97
"1649","32841A",266.846244077643,-103
"1650","3282EC",368.781041697311,-98
"1651","328CCF",394.76654932612,-99
"1652","328D0C",142.634380130382,-93
"1653","37824B",169.329978517546,-88
"1654","3648E1",271.823493224743,-97
"1655","33DA3C",178.82735079861,-101
"1656","3B3B89",81.3529540117273,-92
"1657","327749",69.6711088737615,-75
"1658","379B89",178.947876831886,-99
"1659","3765DD",215.878402378677,-96
"1660","377E5F",151.795316362438,-80
"1661","33D76B",402.526359461058,-104
"1662","326572",156.896643693292,-97
"1663","328FAF",151.046558403699,-93
"1664","339BB0",216.646869398111,-107
"1665","32841A",272.27838765995,-97
"1666","326039",294.658885836031,-103
"1667","328D0C",139.966658209571,-89
"1668","37824B",176.127202921593,-92
"1669","326543",233.665755819684,-108
"1670","328CCF",401.146746090609,-96
"1671","3648E1",278.775315839271,-96
"1672","33DA3C",185.820174518071,-87
"1673","3B3B89",78.6240550803959,-102
"1674","327749",75.4107762918073,-77
"1675","379B89",182.879709982539,-98
"1676","3765DD",220.738078595844,-102
"1677","377E5F",152.425567574875,-75
"1678","326572",159.776212819153,-94
"1679","339CAE",322.29002653399,-113
"1680","328FAF",144.966541363711,-87
"1681","339BB0",213.017096437654,-103
"1682","32841A",279.421518265589,-89
"1683","3282EC",375.953058912312,-97
"1684","3648E1",285.460662133353,-102
"1685","33DA3C",192.795988743058,-96
"1686","3B3B89",77.0385928041658,-101
"1687","327749",80.9612516626095,-79
"1688","379B89",187.356206099396,-104
"1689","3765DD",225.228058952167,-107
"1690","37824B",182.644453488216,-88
"1691","377E5F",153.903061089007,-78
"1692","326572",162.368371318702,-100
"1693","328D0C",137.150282355231,-90
"1694","328FAF",139.424886926383,-95
"1695","339BB0",210.122284469912,-100
"1696","32841A",286.46890546299,-95
"1697","3282EC",382.998842929019,-125
"1698","328CCF",410.169471622574,-94
"1699","3648E1",289.898008847122,-91
"1700","33DA3C",199.431087175414,-101
"1701","3B3B89",80.520997966438,-95
"1702","327749",83.5280644210249,-78
"1703","379B89",194.608045918495,-99
"1704","3765DD",225.924534633342,-87
"1705","37824B",186.724959291381,-89
"1706","377E5F",159.62884281058,-84
"1707","33D76B",423.134563610125,-104
"1708","326572",160.839940703769,-98
"1709","328D0C",130.878114529504,-93
"1710","328FAF",137.670695737671,-86
"1711","339BB0",211.859484707043,-104
"1712","32841A",292.642597369499,-95
"1713","326039",309.124482751784,-107
"1714","3282EC",388.937450984301,-101
"1715","326543",247.212584481615,-108
"1716","33DA3C",204.818946080979,-103
"1717","3648E1",294.318070851919,-100
"1718","327749",87.076438979798,-90
"1719","379B89",199.375224682886,-102
"1720","3765DD",228.09742065841,-89
"1721","37824B",190.984288153066,-97
"1722","377E5F",162.793472414018,-83
"1723","33D76B",428.560079008483,-101
"1724","326572",161.497636249174,-101
"1725","328D0C",127.438776041567,-85
"1726","328FAF",135.140510162812,-91
"1727","339BB0",211.738129141442,-95
"1728","32841A",297.872708501963,-105
"1729","3282EC",394.069726345185,-100
"1730","326543",252.606285912571,-104
"1731","328CCF",413.752071115169,-105
"1732","327749",94.0743185408456,-88
"1733","379B89",205.805742194452,-100
"1734","3765DD",233.222055039787,-91
"1735","37824B",198.631105694965,-106
"1736","377E5F",166.386178146191,-81
"1737","326572",164.61844905732,-97
"1738","328D0C",124.011490294812,-84
"1739","328FAF",129.991825324318,-96
"1740","339BB0",210.010663337417,-98
"1741","32841A",306.31679968889,-101
"1742","3282EC",402.463284538093,-103
"1743","328CCF",420.59463738917,-97
"1744","33DA3C",213.282992474581,-108
"1745","3648E1",302.107335067469,-108
"1746","3B3B89",84.2198835475008,-97
"1747","327749",100.197065978963,-82
"1748","379B89",210.787400179847,-104
"1749","3765DD",237.940913340265,-90
"1750","37824B",205.104501685211,-92
"1751","377E5F",169.07660220496,-99
"1752","326572",167.915431545959,-90
"1753","328D0C",122.109807835796,-82
"1754","328FAF",125.62521055937,-106
"1755","32841A",313.209097875083,-94
"1756","3282EC",409.345452105466,-104
"1757","328CCF",426.502249390312,-97
"1758","33DA3C",220.128317157027,-98
"1759","3648E1",308.659014192786,-106
"1760","379B89",217.720958985214,-95
"1761","3765DD",240.322114324159,-96
"1762","37824B",210.280373293152,-104
"1763","377E5F",174.66589777877,-85
"1764","33D76B",450.776669198181,-105
"1765","326572",168.592648189396,-105
"1766","3B3B89",88.7354271178137,-89
"1767","327749",104.83221151029,-87
"1768","328D0C",117.577622749,-83
"1769","328FAF",124.242236328815,-90
"1770","339BB0",209.961744968905,-103
"1771","3282EC",415.736493092685,-97
"1772","326543",273.957019176875,-100
"1773","328CCF",430.577476780901,-105
"1774","33DA3C",227.009821580175,-103
"1775","3648E1",313.975686608653,-102
"1776","3765DD",237.488558171767,-88
"1777","37824B",210.912996823378,-99
"1778","377E5F",182.328284366592,-82
"1779","33D76B",454.82533220289,-107
"1780","326572",164.209483033561,-93
"1781","3B3B89",96.3562527973559,-102
"1782","327749",104.943937146085,-86
"1783","328D0C",110.03245033349,-80
"1784","328FAF",128.599388471534,-89
"1785","339BB0",216.409631924022,-100
"1786","326039",327.286311023839,-108
"1787","3282EC",418.352060716443,-97
"1788","328CCF",429.584992834967,-98
"1789","33DA3C",230.853149989473,-93
"1790","3648E1",314.744029198887,-103
"1791","3765DD",229.123266708257,-92
"1792","37824B",204.924648213738,-105
"1793","377E5F",187.969342811645,-84
"1794","33D76B",452.379520792818,-109
"1795","326572",155.335783253114,-94
"1796","3B3B89",103.188141598528,-97
"1797","327749",98.7313165377925,-94
"1798","328D0C",103.084923857107,-82
"1799","328FAF",137.520539032193,-102
"1800","339BB0",225.02073265914,-101
"1801","32841A",319.163721548967,-103
"1802","3282EC",414.192241621918,-103
"1803","326543",279.740257553415,-108
"1804","328CCF",422.228475869117,-105
"1805","33DA3C",228.280359226205,-97
"1806","3765DD",222.877568595893,-84
"1807","37824B",200.784142059576,-101
"1808","377E5F",192.776065573222,-83
"1809","326572",148.583576540303,-87
"1810","3B3B89",108.887484143309,-96
"1811","327749",94.5714517907838,-82
"1812","328D0C",97.6924960382013,-78
"1813","328FAF",144.345923314239,-99
"1814","339BB0",231.761641116061,-101
"1815","328CCF",416.853078073797,-91
"1816","33DA3C",226.91506888705,-99
"1817","377E5F",195.513664020632,-84
"1818","3765DD",218.79942884453,-90
"1819","326572",144.280998172871,-99
"1820","3B3B89",112.264193672004,-95
"1821","327749",91.7554795196658,-93
"1822","328D0C",94.7366921939677,-92
"1823","328FAF",148.669179621828,-104
"1824","339BB0",235.876071642624,-108
"1825","32841A",315.078835059648,-107
"1826","326039",310.553951693569,-109
"1827","3282EC",409.37731338334,-104
"1828","326543",280.453746258861,-108
"1829","328CCF",413.2285182231,-97
"1830","33DA3C",225.707797968918,-98
"1831","379B89",231.461329404088,-101
"1832","37824B",197.899776886223,-101
"1833","326572",129.316294851512,-104
"1834","3B3B89",124.817404687577,-103
"1835","327749",83.3845013633751,-96
"1836","328D0C",84.9010865940708,-71
"1837","328FAF",163.766760425393,-100
"1838","32841A",309.667377527152,-102
"1839","326039",298.065002157194,-109
"1840","326543",281.644570044236,-105
"1841","377E5F",205.891855528332,-95
"1842","328CCF",400.96381133499,-102
"1843","3765DD",204.813263273166,-88
"1844","33DA3C",222.608350216003,-100
"1845","379B89",237.218877046494,-109
"1846","37824B",188.663396316538,-102
"1847","326572",123.528320514133,-98
"1848","3B3B89",129.519310764958,-96
"1849","327749",80.2738671103788,-96
"1850","328D0C",81.9693676682813,-71
"1851","328FAF",169.568909875448,-97
"1852","32841A",307.315421520033,-109
"1853","326039",293.075041523671,-108
"1854","3282EC",400.026173290727,-109
"1855","326543",281.837281882613,-103
"1856","377E5F",209.679815825562,-78
"1857","328CCF",396.038490946488,-98
"1858","3765DD",199.316146983379,-94
"1859","33DA3C",221.210545921465,-98
"1860","3648E1",288.291272103454,-103
"1861","379B89",239.203074306483,-106
"1862","326572",120.859133879378,-100
"1863","327749",80.2121174405068,-90
"1864","328D0C",79.3133200497344,-70
"1865","328FAF",172.41287477463,-99
"1866","32841A",307.610634226388,-109
"1867","3282EC",400.026687622402,-102
"1868","377E5F",212.674448881579,-84
"1869","33DA3C",222.068972085154,-101
"1870","3648E1",287.570951863954,-106
"1871","379B89",241.621134742837,-101
"1872","33D76B",445.048309760353,-111
"1873","326572",118.523907894493,-92
"1874","327749",81.1885025378306,-77
"1875","328D0C",75.9735601662524,-72
"1876","328FAF",175.096311670422,-104
"1877","32841A",308.86207915585,-99
"1878","326039",290.547089056681,-108
"1879","3282EC",400.957543521395,-96
"1880","377E5F",216.213050704756,-103
"1881","3765DD",195.57298144824,-85
"1882","33DA3C",223.904907908548,-101
"1883","3648E1",287.714188871292,-97
"1884","379B89",244.826971330112,-104
"1885","33D76B",446.6521303192,-104
"1886","3B3B89",136.20439183038,-106
"1887","327749",82.2861728651118,-106
"1888","328D0C",71.4662002090761,-71
"1889","328FAF",179.337606548773,-101
"1890","326039",288.75037347386,-107
"1891","377E5F",221.206067521589,-84
"1892","33DA3C",226.107988826983,-99
"1893","3648E1",287.421225131811,-105
"1894","326572",114.855910186771,-90
"1895","37824B",184.737442282829,-98
"1896","3B3B89",141.297484476645,-105
"1897","328D0C",70.6982500808932,-74
"1898","328FAF",185.43946166285,-97
"1899","339BB0",272.49643761205,-106
"1900","32841A",306.396007081359,-104
"1901","326039",282.642633393378,-109
"1902","3282EC",397.496305511364,-108
"1903","377E5F",224.179109783116,-95
"1904","33DA3C",223.400927050653,-101
"1905","3648E1",282.203207437744,-104
"1906","327749",78.5227176628889,-84
"1907","326572",108.478709651379,-93
"1908","3B3B89",145.477897108044,-101
"1909","328FAF",184.680726515261,-103
"1910","326039",287.091978050194,-109
"1911","377E5F",227.939350087877,-101
"1912","33DA3C",229.722276181689,-113
"1913","3648E1",287.802414640252,-97
"1914","327749",84.7888794727202,-91
"1915","326572",110.642218663158,-83
"1916","37824B",185.620482517808,-103
"1917","33D76B",451.53091986374,-110
"1918","3B3B89",148.021517161676,-103
"1919","339BB0",276.480346005618,-99
"1920","32841A",313.267419261173,-107
"1921","326039",285.885685739207,-112
"1922","3282EC",403.912167923703,-105
"1923","328D0C",62.8674920648248,-79
"1924","377E5F",230.866019357795,-85
"1925","328CCF",389.077919835101,-96
"1926","327749",85.5617026245222,-99
"1927","379B89",257.766149760694,-110
"1928","326572",108.427994438723,-87
"1929","37824B",185.561442196071,-108
"1930","339BB0",272.700457184002,-104
"1931","32841A",306.749097540189,-104
"1932","326039",282.803672473705,-108
"1933","3282EC",397.825529536255,-103
"1934","328D0C",70.291976907632,-72
"1935","377E5F",224.524465431008,-90
"1936","328CCF",385.95991654132,-97
"1937","3765DD",186.563732551926,-96
"1938","33DA3C",223.788608678257,-98
"1939","3648E1",282.471869469612,-102
"1940","327749",78.8815823185764,-87
"1941","379B89",250.428606954175,-109
"1942","326572",108.459380347252,-85
"1943","328FAF",185.535093658572,-103
"1944","3B3B89",145.76299912964,-99
"1945","339BB0",265.006088759996,-105
"1946","326039",289.591325017789,-108
"1947","328D0C",73.4631888717251,-73
"1948","377E5F",218.968367002575,-92
"1949","3765DD",194.109356595255,-88
"1950","33DA3C",225.146156703249,-108
"1951","3648E1",287.587114393524,-101
"1952","327749",81.7991380600266,-85
"1953","326572",116.524181953083,-99
"1954","37824B",184.752496963422,-108
"1955","33D76B",447.686894739703,-106
"1956","328FAF",177.39902636847,-104
"1957","326039",291.738116798032,-103
"1958","3282EC",401.840545386669,-97
"1959","328D0C",76.1582381099848,-81
"1960","377E5F",215.727245581784,-103
"1961","328CCF",394.806057185588,-98
"1962","3765DD",196.799064442649,-85
"1963","33DA3C",224.518946897252,-96
"1964","3648E1",288.763708089322,-98
"1965","327749",82.049213369819,-80
"1966","379B89",244.760595886999,-102
"1967","326572",119.725157649079,-91
"1968","37824B",185.720153597349,-97
"1969","328FAF",173.949913346537,-99
"1970","3B3B89",135.477038829795,-108
"1971","326039",291.644274097348,-107
"1972","3282EC",398.679155329484,-102
"1973","328D0C",82.2640729963413,-79
"1974","377E5F",209.722583906182,-84
"1975","33DA3C",220.054823791589,-96
"1976","327749",78.9100309557951,-94
"1977","326572",122.352754298141,-100
"1978","328FAF",170.661738539264,-103
"1979","3B3B89",129.902074904293,-107
"1980","339CAE",362.040267792022,-113
"1981","3282EC",402.178338623678,-103
"1982","328D0C",85.1182463918397,-86
"1983","377E5F",205.769988792821,-96
"1984","328CCF",400.327573496821,-97
"1985","3765DD",204.244414271883,-101
"1986","33DA3C",221.997199758542,-103
"1987","3648E1",291.519754085177,-101
"1988","327749",82.7145693688553,-90
"1989","379B89",236.869775613309,-110
"1990","326572",128.85444140598,-98
"1991","37824B",187.990801204424,-103
"1992","3282EC",404.27631892968,-103
"1993","328D0C",90.2996065124513,-78
"1994","326543",279.449572033379,-108
"1995","377E5F",200.062960976232,-89
"1996","328CCF",405.479569231107,-98
"1997","3765DD",210.423085516777,-91
"1998","33DA3C",222.328826045752,-89
"1999","3648E1",295.154896580676,-106
"2000","327749",85.5754408717682,-81
"2001","379B89",233.104243015001,-108
"2002","326572",135.750378317694,-96
"2003","37824B",191.437736917803,-99
"2004","328FAF",157.151503829367,-98
"2005","3B3B89",118.294361124652,-102
"2006","339BB0",243.553595899066,-111
"2007","3282EC",407.202687645347,-102
"2008","328D0C",95.4200564540268,-78
"2009","377E5F",194.777261006334,-86
"2010","328CCF",411.284579820874,-103
"2011","33DA3C",223.602012122879,-100
"2012","327749",89.6101892829349,-81
"2013","379B89",230.035214611435,-107
"2014","326572",143.009272702383,-95
"2015","37824B",195.766188270031,-105
"2016","328FAF",149.830417753109,-97
"2017","339BB0",236.351028003059,-105
"2018","32841A",312.915064111549,-107
"2019","328D0C",99.9032297209807,-79
"2020","326543",279.817054591395,-105
"2021","377E5F",190.721115439859,-96
"2022","3765DD",225.086044959686,-94
"2023","33DA3C",227.087860773728,-92
"2024","3648E1",305.935214371219,-102
"2025","327749",95.8407298623434,-91
"2026","379B89",228.779340210655,-101
"2027","326572",151.057374535146,-91
"2028","37824B",202.065311722691,-105
"2029","33D76B",451.191299177945,-105
"2030","328FAF",141.822719695804,-97
"2031","339BB0",229.156297393212,-102
"2032","328D0C",106.542993897877,-72
"2033","326543",277.242055561288,-112
"2034","377E5F",184.516460901721,-84
"2035","328CCF",422.846982622998,-102
"2036","3765DD",230.545641224501,-103
"2037","3648E1",308.585396221919,-110
"2038","327749",98.625737750451,-87
"2039","379B89",224.311932199517,-103
"2040","326572",157.451179339401,-105
"2041","33D76B",450.681576596417,-102
"2042","328FAF",135.310501848998,-96
"2043","339BB0",221.999158562575,-96
"2044","326039",320.492485273705,-109
"2045","3282EC",413.151719484518,-106
"2046","377E5F",181.374270411962,-78
"2047","328CCF",430.619635235382,-107
"2048","33DA3C",231.125297723664,-110
"2049","3648E1",315.544831657201,-101
"2050","327749",105.814532007035,-93
"2051","379B89",224.140302664847,-101
"2052","326572",165.536181767647,-97
"2053","37824B",211.727686387242,-101
"2054","328FAF",127.261155106267,-104
"2055","328D0C",111.204422883381,-78
"2056","339BB0",215.06249961767,-109
"2057","32841A",323.242742927095,-106
"2058","326039",328.35285349177,-107
"2059","3282EC",418.861134773607,-103
"2060","326543",279.50071030562,-104
"2061","3765DD",244.373200608023,-92
"2062","33DA3C",239.881365877408,-100
"2063","3648E1",323.60683301827,-109
"2064","327749",113.675507852136,-95
"2065","379B89",231.32565607607,-107
"2066","326572",169.64163058334,-90
"2067","37824B",219.75295663833,-104
"2068","328FAF",123.873150953864,-110
"2069","328D0C",108.790014099316,-89
"2070","339BB0",214.825737046644,-102
"2071","3282EC",427.50593573498,-100
"2072","327749",122.11949923829,-96
"2073","379B89",238.375042698784,-106
"2074","326572",174.807659327009,-103
"2075","37824B",228.280113917401,-107
"2076","377E5F",191.079961822994,-97
"2077","3765DD",250.878406639878,-102
"2078","328FAF",120.274813716583,-92
"2079","328D0C",107.729042279452,-88
"2080","339BB0",214.224523936898,-105
"2081","32841A",340.925626925835,-107
"2082","3282EC",436.451482202788,-102
"2083","328CCF",445.379478043144,-96
"2084","327749",128.976780773108,-103
"2085","326572",179.477375898352,-100
"2086","37824B",235.169315845917,-104
"2087","377E5F",194.635192596326,-101
"2088","3765DD",256.437526855264,-100
"2089","33D76B",479.675157390953,-109
"2090","328FAF",117.377291360244,-94
"2091","3B3B89",106.016530639413,-103
"2092","328D0C",107.906796213364,-84
"2093","339BB0",213.522735479549,-101
"2094","32841A",348.003765522724,-108
"2095","3282EC",443.538568926496,-103
"2096","33DA3C",255.806400263018,-103
"2097","3648E1",339.043561434601,-108
"2098","327749",137.80898356497,-98
"2099","326572",188.01537993338,-95
"2100","377E5F",195.358958243561,-95
"2101","3765DD",265.370075191861,-102
"2102","328FAF",110.549375752086,-82
"2103","3B3B89",106.359293314555,-97
"2104","328D0C",112.856068292046,-83
"2105","339BB0",208.790299655603,-102
"2106","326039",358.111071732335,-111
"2107","3282EC",451.608469192064,-102
"2108","328CCF",460.789204114165,-101
"2109","33DA3C",263.1132028745,-111
"2110","327749",146.662533395353,-96
"2111","379B89",251.163778430944,-105
"2112","326572",196.507424555075,-99
"2113","37824B",252.772652562548,-108
"2114","377E5F",196.658306206157,-87
"2115","3765DD",274.241804837883,-96
"2116","33D76B",494.04609312187,-110
"2117","328FAF",104.21461259868,-85
"2118","3B3B89",107.627087226954,-88
"2119","328D0C",118.136673472867,-84
"2120","339BB0",204.518796691431,-102
"2121","326039",367.135958877185,-110
"2122","3282EC",459.751557697951,-101
"2123","328CCF",469.81528833788,-97
"2124","33DA3C",270.586509273618,-103
"2125","3648E1",356.629862790444,-108
"2126","326572",199.195755133936,-102
"2127","37824B",259.078143791401,-105
"2128","377E5F",203.939203584317,-95
"2129","3765DD",278.050380327959,-105
"2130","33D76B",501.911034855293,-104
"2131","328FAF",105.91331869691,-94
"2132","3B3B89",114.98994007512,-102
"2133","327749",152.87354141018,-97
"2134","328D0C",116.285459759886,-91
"2135","339BB0",208.172726213082,-108
"2136","3282EC",467.046456810615,-97
"2137","328CCF",474.880867986052,-103
"2138","33DA3C",278.34308484738,-101
"2139","3648E1",362.953157423131,-105
"2140","37824B",265.320936065498,-104
"2141","3765DD",281.107590941445,-102
"2142","328FAF",110.226420137384,-82
"2143","3B3B89",124.20735541214,-96
"2144","326572",201.009825492188,-105
"2145","327749",159.109764561706,-94
"2146","328D0C",113.118308786805,-95
"2147","339BB0",214.163515554436,-102
"2148","32841A",379.102191858042,-102
"2149","3282EC",474.622751529154,-102
"2150","328CCF",479.41078162183,-103
"2151","33DA3C",286.679453711706,-105
"2152","3648E1",369.171437699583,-104
"2153","37824B",272.218487469533,-109
"2154","33D76B",518.786558468456,-111
"2155","328FAF",113.429183564545,-79
"2156","3B3B89",132.27212040205,-101
"2157","327749",166.084267831631,-97
"2158","328D0C",112.322479574638,-89
"2159","339BB0",218.696792728682,-99
"2160","32841A",387.092889412438,-106
"2161","326543",339.954925932751,-111
"2162","33DA3C",294.972195169075,-102
"2163","3648E1",376.01558364292,-108
"2164","377E5F",229.083365894689,-93
"2165","3765DD",290.307170304173,-102
"2166","328FAF",117.146917726764,-75
"2167","3B3B89",140.525442455041,-105
"2168","326572",208.417046281606,-99
"2169","327749",173.438702890913,-107
"2170","328D0C",112.349071430152,-86
"2171","339BB0",223.455933830114,-95
"2172","3282EC",490.457340788662,-107
"2173","33DA3C",303.494205684259,-103
"2174","379B89",286.081063554308,-107
"2175","37824B",279.440123361578,-104
"2176","3765DD",286.091953486075,-102
"2177","328FAF",127.572003682999,-81
"2178","3B3B89",149.025065266382,-92
"2179","326572",203.290683259959,-110
"2180","327749",173.475126267942,-106
"2181","328D0C",103.873253309371,-98
"2182","328CCF",487.820423599321,-109
"2183","377E5F",237.840869949046,-99
"2184","37824B",279.029600210343,-113
"2185","328FAF",137.784315382881,-75
"2186","3B3B89",157.966057864179,-99
"2187","326572",199.244986860493,-104
"2188","327749",174.773492201726,-98
"2189","328D0C",96.3505081687107,-81
"2190","339BB0",244.223368510267,-87
"2191","3282EC",493.977033391214,-104
"2192","328CCF",485.773896609387,-104
"2193","379B89",300.762391953837,-110
"2194","377E5F",246.922976411093,-89
"2195","3765DD",282.870912440022,-99
"2196","328FAF",148.095574329672,-77
"2197","3B3B89",166.888271544633,-104
"2198","326572",195.230734219501,-90
"2199","327749",176.23780263269,-100
"2200","328D0C",89.0287279734904,-75
"2201","339BB0",254.575430808501,-95
"2202","326039",380.372110778107,-110
"2203","3282EC",495.934612576239,-105
"2204","328CCF",483.496200571268,-110
"2205","33DA3C",314.021286848123,-104
"2206","377E5F",255.925407416255,-90
"2207","3765DD",279.557103593759,-91
"2208","3B3B89",167.796672013904,-94
"2209","326572",184.764876069726,-94
"2210","327749",168.506653324229,-103
"2211","328D0C",78.5356143569074,-68
"2212","328FAF",154.833912377896,-85
"2213","339BB0",260.441380743096,-99
"2214","326039",370.421408153786,-107
"2215","326543",361.874774449263,-102
"2216","328CCF",473.506858065267,-103
"2217","3648E1",374.14116828957,-106
"2218","379B89",306.539135717384,-108
"2219","377E5F",256.818322664924,-98
"2220","3765DD",269.251972781514,-88
"2221","326572",173.572362555876,-89
"2222","327749",158.587026791212,-101
"2223","328D0C",68.9162072632963,-68
"2224","328FAF",159.578220758744,-96
"2225","339BB0",263.894433246081,-99
"2226","32841A",386.05527441296,-106
"2227","326039",359.196402666946,-106
"2228","328CCF",462.27330233607,-95
"2229","3648E1",363.419757839762,-109
"2230","377E5F",254.789943844321,-104
"2231","3765DD",258.006417627282,-87
"2232","3B3B89",166.035522306064,-100
"2233","33D76B",522.878766154958,-113
"2234","328D0C",62.1178818514877,-68
"2235","328FAF",163.143843995975,-91
"2236","339BB0",266.228382179967,-103
"2237","326039",350.17036621895,-102
"2238","3282EC",470.058979581913,-108
"2239","328CCF",453.249629159227,-94
"2240","33DA3C",291.916583038202,-103
"2241","377E5F",252.736518430705,-106
"2242","3765DD",249.052229500978,-93
"2243","3B3B89",164.382345755761,-107
"2244","326572",164.724611281958,-99
"2245","328D0C",54.5348673426856,-73
"2246","328FAF",168.185164556079,-97
"2247","339BB0",269.556873603143,-99
"2248","326039",338.913805593614,-105
"2249","328CCF",441.995840860464,-92
"2250","377E5F",250.631230282959,-99
"2251","3765DD",237.890124151597,-91
"2252","3B3B89",163.022441978318,-108
"2253","326572",153.714799563667,-97
"2254","327749",140.330190884926,-98
"2255","3282EC",495.786475985577,-106
"2256","328D0C",102.173406699388,-73
"2257","328CCF",489.728677415781,-104
"2258","33DA3C",311.095443567994,-103
"2259","377E5F",243.750860404942,-93
"2260","328FAF",132.224992759217,-87
"2261","37824B",282.291782545658,-110
"2262","3765DD",287.314858894805,-96
"2263","3B3B89",154.937402903842,-101
"2264","339BB0",238.909367850616,-106
"2265","326572",204.003843182236,-104
"2266","328D0C",108.851179189147,-84
"2267","328CCF",489.612830639704,-101
"2268","33DA3C",304.786350644436,-103
"2269","328FAF",121.466219257049,-83
"2270","3765DD",288.618759018297,-108
"2271","3B3B89",144.088681460288,-104
"2272","339BB0",227.803248824806,-97
"2273","326572",206.334963017027,-99
"2274","327749",173.48745160635,-103
"2275","3282EC",492.372007895744,-101
"2276","328D0C",119.172912016254,-81
"2277","328CCF",495.176943004073,-103
"2278","33DA3C",304.407733550222,-107
"2279","328FAF",110.509173281172,-78
"2280","3765DD",295.443250423753,-109
"2281","3B3B89",137.092936868075,-107
"2282","33D76B",528.081097547127,-105
"2283","339BB0",217.098334922986,-96
"2284","326572",214.016706585555,-99
"2285","327749",176.371758829016,-99
"2286","328D0C",126.921971433813,-80
"2287","33DA3C",300.880466622912,-107
"2288","377E5F",216.481112411797,-96
"2289","328FAF",100.695092859694,-79
"2290","3765DD",298.74511731109,-102
"2291","3B3B89",128.703008245336,-96
"2292","33D76B",524.167796535874,-110
"2293","339BB0",207.107830141409,-93
"2294","326572",218.351636811926,-96
"2295","327749",176.00467623545,-99
"2296","328D0C",136.48998878238,-86
"2297","328CCF",501.145537420983,-103
"2298","3648E1",388.133580574382,-108
"2299","377E5F",208.44619260474,-105
"2300","328FAF",90.0456111268321,-75
"2301","3765DD",304.362507531938,-106
"2302","3B3B89",121.442884825852,-101
"2303","33D76B",522.12483622316,-109
"2304","326572",225.013937770875,-105
"2305","3282EC",490.024654851107,-104
"2306","328CCF",505.160107316671,-103
"2307","33DA3C",297.281216845203,-96
"2308","379B89",263.146744562848,-109
"2309","377E5F",198.987763389229,-94
"2310","328FAF",78.0377477718962,-70
"2311","3765DD",310.257893606007,-95
"2312","3B3B89",113.112575483921,-100
"2313","339BB0",184.41044778121,-92
"2314","326572",232.209491793112,-98
"2315","327749",180.566806009992,-101
"2316","32841A",392.325053692841,-110
"2317","328D0C",147.128980484611,-90
"2318","328CCF",509.738648765785,-107
"2319","379B89",257.920006790709,-108
"2320","377E5F",191.688840970676,-94
"2321","328FAF",67.5395260456385,-79
"2322","37824B",289.146741095844,-102
"2323","3765DD",316.462543059726,-103
"2324","3B3B89",107.261994627507,-94
"2325","326572",239.495811772225,-102
"2326","327749",184.135826243662,-96
"2327","328D0C",156.91997226448,-88
"2328","3282EC",489.699695923154,-104
"2329","33DA3C",297.522908064806,-106
"2330","3648E1",396.783819848283,-103
"2331","379B89",253.25463636479,-105
"2332","377E5F",184.56992490614,-100
"2333","328FAF",55.7663053437213,-70
"2334","37824B",293.708825115049,-102
"2335","3765DD",324.351105298979,-97
"2336","3B3B89",102.405182099125,-86
"2337","339BB0",162.440274493459,-90
"2338","326572",248.520294018637,-98
"2339","327749",189.539973861441,-108
"2340","328D0C",168.26021923906,-88
"2341","379B89",249.994554769356,-110
"2342","377E5F",178.851170792779,-100
"2343","328FAF",44.3337041241134,-81
"2344","37824B",299.342934277094,-108
"2345","3765DD",332.908581232317,-96
"2346","3B3B89",99.6564868371944,-88
"2347","339BB0",151.422576737247,-85
"2348","326572",258.083514651686,-105
"2349","327749",196.111372817268,-97
"2350","328D0C",179.600237904385,-87
"2351","3282EC",494.194591956481,-103
"2352","328CCF",522.737501900562,-104
"2353","3648E1",401.992498981901,-106
"2354","379B89",247.538811676339,-104
"2355","377E5F",174.676284756882,-96
"2356","328FAF",35.9434489927704,-64
"2357","37824B",303.338278857042,-104
"2358","3765DD",339.022341785271,-100
"2359","3B3B89",98.0630804811145,-87
"2360","339BB0",143.289362838725,-86
"2361","326572",264.966112598923,-102
"2362","327749",200.889316486721,-93
"2363","339CAE",424.433524622927,-109
"2364","328D0C",187.842685977395,-92
"2365","33DA3C",300.980859302696,-105
"2366","328CCF",527.5700990495,-108
"2367","3648E1",405.62051385158,-108
"2368","379B89",245.422647604268,-103
"2369","377E5F",170.262292796269,-104
"2370","328FAF",24.801411550205,-55
"2371","37824B",309.718372346543,-97
"2372","3765DD",347.984429322052,-94
"2373","3B3B89",97.843721152657,-86
"2374","339BB0",132.588849072288,-85
"2375","326572",274.859550806786,-108
"2376","327749",208.35760424955,-94
"2377","328D0C",199.180968038412,-96
"2378","3282EC",499.485643316119,-102
"2379","33DA3C",304.016190478252,-97
"2380","328CCF",534.898089174302,-103
"2381","3648E1",411.466906501731,-100
"2382","377E5F",164.256221927633,-100
"2383","328FAF",12.9196743934945,-44
"2384","3765DD",355.978138229712,-106
"2385","3B3B89",96.7585949867759,-92
"2386","326572",284.062609706362,-99
"2387","327749",214.763783216879,-109
"2388","3282EC",501.14590976091,-105
"2389","328CCF",540.86121917159,-106
"2390","379B89",241.53070109873,-101
"2391","377E5F",156.453278479486,-89
"2392","328FAF",2.62041306508872,-31
"2393","3765DD",360.650375722031,-104
"2394","3B3B89",93.5817260138897,-86
"2395","339BB0",109.931294087904,-91
"2396","326572",290.158678317182,-102
"2397","327749",217.950182749768,-105
"2398","32841A",401.348014185816,-107
"2399","328D0C",219.566216756156,-102
"2400","3282EC",499.428004417855,-107
"2401","33DA3C",303.565955347751,-101
"2402","3648E1",416.659265082419,-107
"2403","377E5F",148.64709394907,-96
"2404","3765DD",364.327278916312,-102
"2405","3B3B89",90.615500306555,-91
"2406","339BB0",99.823117363215,-90
"2407","326572",295.276277323707,-97
"2408","328FAF",9.08488121160445,-49
"2409","32841A",398.914043338753,-110
"2410","328D0C",227.617791268819,-101
"2411","3282EC",496.940842468942,-108
"2412","33DA3C",301.118070162503,-93
"2413","328CCF",544.698628364904,-100
"2414","377E5F",140.134383174619,-96
"2415","3B3B89",87.6946432675411,-95
"2416","326572",300.014866653323,-102
"2417","327749",222.418233303154,-91
"2418","328FAF",19.9282433790839,-60
"2419","328D0C",235.574972302029,-96
"2420","3282EC",493.55342866466,-104
"2421","326543",306.741823101794,-108
"2422","33DA3C",297.911139302434,-106
"2423","328CCF",545.352417308951,-102
"2424","3648E1",415.866278491874,-105
"2425","37824B",317.332857701167,-106
"2426","3765DD",372.581486699711,-110
"2427","3B3B89",87.6756659473086,-90
"2428","339BB0",78.7024381327477,-75
"2429","326572",306.682299567447,-108
"2430","327749",226.642228395142,-109
"2431","328FAF",31.1271902441346,-59
"2432","328D0C",245.093105688614,-107
"2433","3282EC",491.870680468665,-105
"2434","377E5F",132.851284140394,-93
"2435","33DA3C",296.587510566399,-97
"2436","328CCF",547.895755716459,-109
"2437","3648E1",417.009090168331,-105
"2438","379B89",215.47125308032,-110
"2439","37824B",319.53655267857,-100
"2440","3B3B89",84.4014086849684,-84
"2441","339BB0",70.9330872555739,-73
"2442","327749",226.599679878431,-99
"2443","328FAF",41.4982956142809,-64
"2444","328D0C",251.085027559738,-110
"2445","33DA3C",291.311606185925,-108
"2446","328CCF",545.906515600829,-102
"2447","3648E1",413.782689794801,-106
"2448","37824B",317.374756812786,-102
"2449","3765DD",373.252060274356,-104
"2450","3B3B89",79.580078138483,-86
"2451","339BB0",66.7924055686928,-73
"2452","327749",224.09171888319,-103
"2453","328FAF",50.9127041062456,-74
"2454","32841A",381.094294218721,-109
"2455","328D0C",254.639426033415,-103
"2456","3282EC",478.456271234173,-107
"2457","377E5F",113.2320551442,-97
"2458","326543",284.965993095906,-110
"2459","328CCF",541.328879789742,-106
"2460","3648E1",408.160779726713,-105
"2461","379B89",196.980472170394,-108
"2462","37824B",312.766171725464,-102
"2463","3765DD",371.239999880951,-101
"2464","3B3B89",76.7597616832855,-86
"2465","339BB0",63.2418159650709,-75
"2466","328FAF",60.969534786863,-75
"2467","32841A",374.349379218721,-105
"2468","328D0C",259.383183105744,-105
"2469","3282EC",471.470544901005,-101
"2470","377E5F",103.371555270919,-99
"2471","33DA3C",277.610111921045,-99
"2472","328CCF",537.728572076284,-102
"2473","3648E1",403.501746864244,-106
"2474","37824B",309.262406756161,-97
"2475","339BB0",61.7139669012241,-68
"2476","327749",221.758833235734,-102
"2477","328FAF",71.6640295240544,-78
"2478","32841A",367.025254649046,-107
"2479","328D0C",264.367080679311,-109
"2480","3282EC",463.854450948403,-103
"2481","377E5F",92.8896363608443,-77
"2482","326543",266.819957617445,-103
"2483","328CCF",533.667717670942,-100
"2484","3B3B89",74.8035923837335,-90
"2485","3648E1",398.379923816602,-108
"2486","379B89",177.605432908669,-104
"2487","37824B",305.450586727896,-99
"2488","328FAF",80.6304065918881,-84
"2489","339BB0",66.7031081976406,-72
"2490","32841A",356.880781990063,-101
"2491","328D0C",265.20470711879,-96
"2492","3282EC",453.526741997435,-105
"2493","377E5F",81.6883711397318,-85
"2494","326543",255.723373659943,-106
"2495","33DA3C",260.854961558333,-93
"2496","328CCF",525.733795906012,-105
"2497","3B3B89",69.7768671927546,-83
"2498","379B89",166.388326422728,-107
"2499","37824B",297.818904744856,-104
"2500","33D76B",456.905734982537,-108
"2501","328FAF",88.2382009723295,-82
"2502","339BB0",74.6268393760083,-90
"2503","328D0C",263.945150299013,-95
"2504","3282EC",442.896695267852,-105
"2505","377E5F",71.4591862069508,-81
"2506","326543",244.958814020592,-108
"2507","33DA3C",250.486069163106,-102
"2508","328CCF",516.619595254151,-106
"2509","3B3B89",64.0459750957866,-86
"2510","3648E1",380.052551725555,-99
"2511","379B89",155.799936956927,-107
"2512","37824B",288.99665231676,-101
"2513","328FAF",95.9036981246037,-84
"2514","339BB0",85.3056308124512,-82
"2515","32841A",334.339935061856,-104
"2516","326039",412.228859481698,-108
"2517","328D0C",260.858709810725,-102
"2518","3282EC",430.886139585503,-99
"2519","377E5F",61.4316218738742,-70
"2520","326543",233.392519293002,-101
"2521","33DA3C",238.54291414778,-102
"2522","328CCF",505.514075825686,-103
"2523","3B3B89",57.3148415430152,-83
"2524","3648E1",368.555731946562,-108
"2525","379B89",144.76087003903,-105
"2526","37824B",278.17678046419,-98
"2527","328FAF",102.647385501808,-88
"2528","339BB0",95.9080351383539,-78
"2529","328D0C",257.069826574787,-104
"2530","3282EC",419.922014960943,-102
"2531","377E5F",54.0023811079095,-63
"2532","326543",223.287575966605,-96
"2533","33DA3C",227.473558294569,-100
"2534","328CCF",494.832816352772,-103
"2535","3B3B89",51.4547174785677,-86
"2536","3648E1",357.641625967141,-106
"2537","379B89",135.461416691847,-92
"2538","327749",192.147644633231,-92
"2539","37824B",267.714049303472,-104
"2540","326572",287.257080369749,-109
"2541","339BB0",104.637562262336,-84
"2542","32841A",313.892474717145,-102
"2543","326039",393.641124334854,-108
"2544","328D0C",255.379586564872,-104
"2545","3282EC",410.492550896886,-96
"2546","377E5F",47.7469550215767,-62
"2547","326543",214.29786187604,-100
"2548","33DA3C",218.099719812956,-93
"2549","328CCF",486.162190487512,-94
"2550","3B3B89",49.1398734128746,-69
"2551","3648E1",348.651533036367,-102
"2552","379B89",127.101884745993,-96
"2553","327749",185.711745041248,-86
"2554","37824B",259.345573478702,-97
"2555","328FAF",109.785865950715,-94
"2556","326572",281.908536547557,-89
"2557","339BB0",108.714964629491,-93
"2558","326039",391.198506737174,-103
"2559","328D0C",260.757307796504,-94
"2560","3282EC",403.951319023634,-94
"2561","377E5F",38.7176476908909,-58
"2562","326543",206.161394582838,-102
"2563","33DA3C",212.452558496227,-88
"2564","328CCF",482.793068624959,-99
"2565","3B3B89",54.9616576766852,-81
"2566","3648E1",344.498216725693,-97
"2567","379B89",118.340673336935,-100
"2568","327749",186.336963254076,-81
"2569","37824B",256.73351967976,-94
"2570","328FAF",118.889851220647,-91
"2571","3765DD",331.540346426232,-95
"2572","33D76B",407.07074971791,-107
"2573","326572",283.752850987022,-93
"2574","326039",395.061432262811,-103
"2575","328D0C",275.496923126838,-95
"2576","3282EC",399.282685953033,-98
"2577","377E5F",23.7222934409971,-51
"2578","326543",197.317764221774,-93
"2579","33DA3C",210.311610536338,-87
"2580","328CCF",484.852563449695,-96
"2581","3B3B89",70.5167945350032,-70
"2582","3648E1",345.192409517775,-95
"2583","379B89",107.380471495532,-90
"2584","327749",195.615376360223,-95
"2585","37824B",260.549373551321,-103
"2586","3765DD",339.149539702851,-99
"2587","339BB0",110.266139324649,-83
"2588","326572",294.464919628476,-97
"2589","328D0C",278.807595881341,-106
"2590","3282EC",393.179051039181,-97
"2591","377E5F",16.4777905900513,-43
"2592","326543",190.310721401405,-92
"2593","33DA3C",205.09233815209,-85
"2594","328CCF",480.984637646735,-96
"2595","3B3B89",75.0392730602532,-65
"2596","3648E1",340.858985386795,-96
"2597","379B89",100.092618826984,-89
"2598","327749",195.340379627021,-86
"2599","37824B",257.537573895087,-95
"2600","328FAF",140.195360873574,-91
"2601","339BB0",116.029548190408,-85
"2602","326572",294.873042418427,-99
"2603","32841A",298.151899828837,-110
"2604","326039",391.968844271608,-109
"2605","328D0C",279.229601840649,-92
"2606","3282EC",384.744060484541,-97
"2607","377E5F",11.4203718740219,-43
"2608","326543",181.787714688864,-94
"2609","33DA3C",197.114789915048,-92
"2610","328CCF",473.891101072071,-100
"2611","3B3B89",77.6392277898482,-69
"2612","3648E1",333.440142009059,-102
"2613","379B89",91.7936584626325,-97
"2614","327749",191.707746954559,-83
"2615","37824B",251.200353624355,-93
"2616","3765DD",333.011535318343,-102
"2617","339BB0",124.397101768317,-91
"2618","326572",291.865989359622,-98
"2619","328D0C",275.922575645366,-96
"2620","3282EC",375.873432729,-102
"2621","377E5F",15.3294063760609,-67
"2622","326543",173.98179404458,-103
"2623","33DA3C",187.920119589506,-98
"2624","328CCF",464.783976341137,-105
"2625","3B3B89",77.3980681807922,-67
"2626","3648E1",324.25582588536,-106
"2627","379B89",85.0016257687534,-103
"2628","327749",184.789866419371,-87
"2629","37824B",242.416639845811,-96
"2630","328FAF",152.077904725772,-79
"2631","3765DD",325.126040390477,-105
"2632","339BB0",133.36724939607,-77
"2633","326572",285.378509446531,-102
"2634","32841A",280.814579646598,-106
"2635","326039",376.659130285422,-107
"2636","3282EC",370.775547442141,-100
"2637","377E5F",22.1407101165822,-52
"2638","328D0C",270.683693316494,-89
"2639","326543",170.624071996351,-102
"2640","33DA3C",181.924450204708,-88
"2641","328CCF",458.067428719434,-104
"2642","3B3B89",74.5632907853885,-69
"2643","3648E1",317.726136126343,-99
"2644","379B89",83.1341791930782,-92
"2645","327749",177.916297172484,-85
"2646","37824B",235.41875722397,-97
"2647","328FAF",152.923522163732,-84
"2648","339BB0",138.83520300977,-86
"2649","33D76B",371.723683131334,-107
"2650","326572",278.630431070419,-98
"2651","339CAE",273.865673491067,-109
"2652","32841A",275.369559427968,-104
"2653","326039",369.699559897636,-104
"2654","377E5F",30.1752712411245,-53
"2655","328D0C",263.150498706509,-88
"2656","326543",170.07045393401,-92
"2657","33DA3C",177.398204958421,-95
"2658","328CCF",451.998170019447,-109
"2659","3B3B89",69.3078123244989,-72
"2660","3648E1",312.092832025308,-101
"2661","379B89",84.7761878687965,-87
"2662","327749",169.882453878433,-86
"2663","37824B",228.599561153443,-98
"2664","328FAF",151.209512463802,-83
"2665","339BB0",142.980046839941,-78
"2666","33D76B",370.60361604474,-110
"2667","326572",270.550212617493,-107
"2668","339CAE",273.068331060419,-102
"2669","32841A",271.705358040613,-97
"2670","326039",362.990340133811,-106
"2671","3282EC",367.611916653547,-102
"2672","33DA3C",173.811632402785,-87
"2673","328CCF",446.94817867808,-109
"2674","3B3B89",65.2863855843396,-72
"2675","3648E1",307.449406303324,-103
"2676","379B89",86.7693647788231,-88
"2677","327749",163.104597836303,-84
"2678","37824B",222.927722490014,-95
"2679","377E5F",36.9807128988617,-55
"2680","328FAF",150.045491995939,-80
"2681","339BB0",146.704811060276,-83
"2682","326572",263.726333138851,-104
"2683","339CAE",272.62175389139,-107
"2684","32841A",268.7982596576,-98
"2685","326039",357.390167824777,-106
"2686","3282EC",365.096156245037,-98
"2687","328D0C",256.796362733457,-89
"2688","328CCF",443.149424229069,-108
"2689","3B3B89",60.4884709070788,-71
"2690","3648E1",304.181057119825,-106
"2691","379B89",90.6021771800459,-83
"2692","327749",156.744962747788,-82
"2693","37824B",218.380291062364,-91
"2694","377E5F",43.520530255495,-60
"2695","3765DD",298.139563187516,-102
"2696","339BB0",149.286382001713,-83
"2697","326039",352.900049069472,-103
"2698","3282EC",364.216668437588,-97
"2699","328D0C",250.046841693656,-92
"2700","33DA3C",169.686680092463,-99
"2701","3648E1",300.479248416375,-97
"2702","379B89",94.6495170921491,-85
"2703","327749",149.935452833585,-84
"2704","37824B",213.391247166945,-93
"2705","377E5F",50.5793961251915,-60
"2706","328FAF",145.881689770181,-109
"2707","339BB0",152.682279294146,-76
"2708","326572",250.227999344763,-90
"2709","32841A",265.95774598385,-99
"2710","3282EC",362.986225890914,-101
"2711","328D0C",243.03319381641,-108
"2712","328CCF",438.862929374627,-99
"2713","379B89",101.176184941723,-92
"2714","37824B",211.478669751287,-89
"2715","377E5F",56.528712745856,-58
"2716","3765DD",288.048970857541,-99
"2717","339BB0",153.152942391916,-85
"2718","3B3B89",50.0995710621211,-73
"2719","326572",244.826578022026,-90
"2720","326039",345.949210088587,-107
"2721","33DA3C",171.148899758118,-90
"2722","3282EC",365.261484332101,-98
"2723","328D0C",235.995721879083,-98
"2724","328CCF",437.761583708084,-97
"2725","3648E1",300.138958106958,-104
"2726","379B89",108.504217678787,-80
"2727","327749",142.53372669724,-84
"2728","37824B",212.413117680626,-91
"2729","377E5F",61.1902520366952,-68
"2730","3765DD",286.757820139777,-90
"2731","339BB0",151.345764853214,-91
"2732","33D76B",381.404017155178,-107
"2733","3B3B89",42.9852510253489,-68
"2734","326572",241.59549397645,-112
"2735","339CAE",285.65677193093,-109
"2736","32841A",272.444138315784,-108
"2737","33DA3C",175.307510061266,-105
"2738","3282EC",369.974327318593,-103
"2739","328D0C",230.021899237839,-98
"2740","328CCF",439.396986618887,-95
"2741","3648E1",302.56923314551,-99
"2742","379B89",114.468095979872,-87
"2743","327749",146.76911647976,-91
"2744","37824B",219.24291355306,-96
"2745","377E5F",60.8452477000999,-62
"2746","3765DD",291.931547460418,-93
"2747","328FAF",127.300320107475,-88
"2748","339BB0",144.277750358581,-85
"2749","33D76B",389.312311139502,-110
"2750","3B3B89",36.4092026244251,-56
"2751","326572",244.887280336364,-99
"2752","326039",353.409294133131,-109
"2753","33DA3C",183.386549448011,-91
"2754","3282EC",378.096746794275,-108
"2755","328D0C",229.382001255693,-98
"2756","328CCF",446.564129649723,-100
"2757","3648E1",310.132551157186,-93
"2758","327749",150.913617739923,-90
"2759","37824B",225.465552280151,-96
"2760","377E5F",61.3249686505239,-69
"2761","339BB0",138.012139146539,-94
"2762","33D76B",396.338793117986,-110
"2763","3B3B89",31.2636155003994,-63
"2764","326572",248.119413153147,-105
"2765","32841A",287.791860304513,-103
"2766","33DA3C",190.601151792622,-90
"2767","3282EC",385.337225783092,-105
"2768","328D0C",229.177471587249,-105
"2769","326543",198.941499957412,-100
"2770","37824B",233.328549545421,-94
"2771","3765DD",304.941949181586,-96
"2772","328FAF",117.156170010233,-97
"2773","339BB0",130.158842668301,-84
"2774","33D76B",400.401076950081,-107
"2775","3B3B89",33.1608054172594,-65
"2776","326572",256.016526624265,-111
"2777","327749",159.052054606108,-91
"2778","339CAE",303.936763893221,-102
"2779","32841A",293.658023903709,-96
"2780","326039",367.431941477873,-103
"2781","33DA3C",196.750257016593,-91
"2782","3282EC",391.010258839515,-100
"2783","328CCF",460.720707360244,-101
"2784","3648E1",324.247594890851,-92
"2785","379B89",120.626876439699,-91
"2786","37824B",240.517910680513,-95
"2787","377E5F",52.3386826911553,-60
"2788","328FAF",114.937963872585,-95
"2789","339BB0",123.053633872324,-82
"2790","33D76B",403.966626423433,-107
"2791","3B3B89",36.7926061426557,-62
"2792","326572",263.416895778947,-109
"2793","327749",166.613400310611,-85
"2794","339CAE",307.131259794809,-103
"2795","32841A",298.937598543826,-99
"2796","33DA3C",202.339012647313,-84
"2797","3282EC",396.082690457837,-99
"2798","326543",204.758744339847,-104
"2799","328CCF",467.717357898858,-96
"2800","3648E1",330.882703713444,-93
"2801","379B89",121.426535919393,-88
"2802","377E5F",49.7284280892927,-63
"2803","3765DD",319.622541889199,-102
"2804","328FAF",112.788313091611,-98
"2805","339BB0",116.267992148429,-84
"2806","33D76B",407.843084398586,-109
"2807","3B3B89",40.8039552370743,-73
"2808","326572",270.247585597616,-106
"2809","339CAE",310.709986862651,-102
"2810","32841A",304.320236256245,-101
"2811","326039",381.652248068949,-111
"2812","33DA3C",208.011893271837,-86
"2813","3282EC",401.270112303163,-93
"2814","326543",208.019717358228,-105
"2815","328CCF",474.471925922334,-93
"2816","3648E1",337.365940981382,-95
"2817","379B89",123.090972604751,-98
"2818","37824B",247.421061044728,-96
"2819","328FAF",112.653157736929,-97
"2820","339BB0",109.854070469812,-85
"2821","33D76B",410.550280004368,-105
"2822","3B3B89",46.9499133893774,-75
"2823","326572",277.788328170082,-102
"2824","327749",181.178858669338,-92
"2825","32841A",308.891796565822,-110
"2826","33DA3C",213.000318874711,-87
"2827","3282EC",405.568216529571,-96
"2828","377E5F",46.3295770344994,-57
"2829","328D0C",252.974694123633,-105
"2830","326543",210.129787677823,-97
"2831","328CCF",480.958516386354,-98
"2832","3648E1",343.430625863412,-96
"2833","379B89",123.613078397586,-86
"2834","37824B",254.193594144559,-99
"2835","33D76B",418.104617895516,-105
"2836","3B3B89",47.5609337817304,-81
"2837","326572",281.682691834651,-106
"2838","327749",185.993234542511,-96
"2839","339CAE",320.596344555936,-101
"2840","328FAF",106.321853147359,-90
"2841","339BB0",102.900224922454,-78
"2842","33DA3C",220.594946473684,-89
"2843","3282EC",413.257274678829,-98
"2844","377E5F",51.1061331685067,-66
"2845","328D0C",253.740758751358,-105
"2846","328CCF",487.839516661656,-96
"2847","3648E1",350.617793059719,-97
"2848","379B89",130.522267664787,-92
"2849","37824B",260.7860942017,-99
"2850","3765DD",332.349190454076,-109
"2851","3B3B89",53.883379220429,-84
"2852","327749",194.619746791005,-91
"2853","328FAF",103.038238299795,-91
"2854","339BB0",93.8023101961474,-84
"2855","32841A",324.805594686489,-102
"2856","33DA3C",229.105667707666,-104
"2857","3282EC",421.315122040078,-105
"2858","377E5F",53.6079200771709,-64
"2859","328CCF",496.942296195197,-101
"2860","3648E1",359.609933201598,-107
"2861","379B89",135.815556424661,-96
"2862","37824B",269.915069458686,-101
"2863","3765DD",341.16888983402,-98
"2864","3B3B89",57.839349790744,-91
"2865","327749",201.485298126591,-106
"2866","328FAF",95.9244123957164,-85
"2867","339BB0",84.789907554406,-85
"2868","32841A",334.744405788209,-100
"2869","33DA3C",238.972034182445,-91
"2870","3282EC",431.273404906283,-100
"2871","328D0C",261.322594908493,-108
"2872","328CCF",506.021063158235,-103
"2873","3648E1",369.040710770006,-100
"2874","379B89",144.960905259349,-102
"2875","37824B",278.695589996474,-100
"2876","3765DD",348.45151765142,-105
"2877","33D76B",434.707413624276,-109
"2878","327749",208.427444756515,-100
"2879","328FAF",90.3541404256282,-82
"2880","339BB0",76.4276861899381,-84
"2881","32841A",343.899840837191,-104
"2882","3282EC",440.418167424025,-103
"2883","377E5F",68.9362993877449,-88
"2884","328CCF",514.623533855509,-106
"2885","3648E1",377.905492353162,-107
"2886","3B3B89",63.1542398307605,-86
"2887","37824B",287.094909622272,-103
"2888","3765DD",355.653135449448,-109
"2889","328FAF",83.3293922104374,-78
"2890","339BB0",70.1856815888784,-79
"2891","32841A",352.452691973935,-109
"2892","33DA3C",256.465550050056,-95
"2893","3282EC",449.0818893928,-107
"2894","377E5F",77.6236986121157,-82
"2895","328D0C",264.165901025952,-103
"2896","3B3B89",66.8783722647436,-90
"2897","379B89",162.133820542565,-102
"2898","37824B",293.911822466966,-108
"2899","33D76B",452.497586761117,-107
"2900","328FAF",76.394384945739,-79
"2901","339BB0",63.2387734305209,-67
"2902","32841A",362.440966287596,-105
"2903","33DA3C",266.298381564199,-97
"2904","3282EC",459.156110871627,-103
"2905","377E5F",87.4218029234303,-90
"2906","328D0C",265.483808117127,-108
"2907","328CCF",530.361340438961,-105
"2908","3648E1",394.649314666962,-102
"2909","3B3B89",72.8882193205097,-87
"2910","379B89",172.211595830579,-107
"2911","37824B",302.297309042716,-102
"2912","327749",219.846376770991,-104
"2913","328FAF",68.4036758617351,-87
"2914","339BB0",61.6070699051572,-73
"2915","32841A",369.582455934209,-109
"2916","33DA3C",273.13533110341,-105
"2917","377E5F",96.2861578341253,-92
"2918","3648E1",400.292116743038,-102
"2919","3B3B89",75.6162703679019,-90
"2920","379B89",180.892957154055,-104
"2921","37824B",306.959925088223,-104
"2922","326572",310.880621595007,-110
"2923","327749",222.439357304523,-100
"2924","328FAF",58.5104133225509,-80
"2925","339BB0",63.9397828609277,-66
"2926","33DA3C",279.17393440533,-96
"2927","3282EC",473.18328678026,-99
"2928","326543",278.358128416877,-105
"2929","328CCF",538.616529724778,-109
"2930","3B3B89",77.3530168417385,-93
"2931","37824B",310.114453581165,-102
"2932","33D76B",479.111486521863,-108
"2933","327749",223.193563001679,-110
"2934","339BB0",67.8367705516591,-70
"2935","3282EC",479.444867818539,-111
"2936","328D0C",253.570893116279,-104
"2937","328CCF",541.675955123746,-108
"2938","3648E1",408.709063961538,-107
"2939","3B3B89",79.9032442890205,-87
"2940","379B89",198.473113558072,-97
"2941","328FAF",49.0910808227797,-72
"2942","37824B",313.110001288549,-104
"2943","3765DD",371.104004231753,-102
"2944","327749",224.031750693038,-101
"2945","339BB0",72.2948020953324,-68
"2946","33DA3C",291.579452898191,-104
"2947","3282EC",486.515961892882,-109
"2948","326543",294.959245715786,-107
"2949","3648E1",413.735793901339,-102
"2950","3B3B89",84.2996927321889,-84
"2951","379B89",207.647179256674,-108
"2952","328FAF",39.9705221377907,-59
"2953","37824B",317.16533417255,-104
"2954","327749",226.084440870883,-106
"2955","33DA3C",296.297545031308,-108
"2956","377E5F",133.013297676818,-95
"2957","328CCF",547.37369115196,-104
"2958","3648E1",416.566125294191,-108
"2959","3B3B89",87.2702182562275,-95
"2960","328FAF",30.4615850003759,-60
"2961","37824B",319.029271690023,-102
"2962","3765DD",371.925288892735,-103
"2963","326572",305.958104188325,-110
"2964","327749",226.02410067176,-104
"2965","33DA3C",296.592061804741,-100
"2966","3282EC",492.226674842898,-107
"2967","328D0C",235.294512445977,-95
"2968","377E5F",138.857584993056,-102
"2969","328CCF",544.227188017936,-100
"2970","3B3B89",86.4022566609612,-93
"2971","328FAF",20.7124452079021,-55
"2972","339BB0",89.4980709005152,-72
"2973","326572",299.272889341403,-105
"2974","327749",221.413323001318,-108
"2975","32841A",394.31146748171,-110
"2976","3282EC",495.40034633829,-109
"2977","328D0C",228.77727350298,-99
"2978","377E5F",146.250745756404,-94
"2979","328CCF",544.003381696048,-101
"2980","3B3B89",89.0869025627685,-100
"2981","328FAF",11.5737682599277,-42
"2982","37824B",316.352834193244,-107
"2983","3765DD",364.203580033364,-109
"2984","339BB0",97.8730165928081,-76
"2985","326572",295.545377223354,-99
"2986","3282EC",498.611376714431,-107
"2987","328D0C",222.477731711009,-90
"2988","377E5F",153.696913688253,-93
"2989","3B3B89",92.4925592579285,-96
"2990","328FAF",2.93097205353083,-47
"2991","37824B",316.71287035284,-106
"2992","3765DD",362.022811887858,-107
"2993","339BB0",106.295952727251,-81
"2994","326572",292.036616937774,-101
"2995","327749",218.859755537031,-102
"2996","3282EC",502.807141649344,-106
"2997","328D0C",214.602140261758,-95
"2998","377E5F",163.398316258069,-95
"2999","33DA3C",306.997306642123,-110
"3000","3B3B89",97.7961875810654,-89
"3001","328FAF",9.41456032347863,-49
"3002","37824B",317.418286817754,-108
"3003","3765DD",359.414881696817,-102
"3004","339BB0",117.262078993634,-81
"3005","326572",287.774020375416,-97
"3006","327749",217.837233128478,-105
"3007","3282EC",501.134683989857,-108
"3008","328D0C",203.877651204234,-98
"3009","377E5F",168.787316281756,-102
"3010","328CCF",538.081316707226,-101
"3011","33DA3C",305.536287967382,-107
"3012","3B3B89",98.3022462600479,-97
"3013","379B89",244.859959012555,-110
"3014","328FAF",20.3634839320368,-56
"3015","37824B",312.562262999299,-101
"3016","339BB0",128.278314322771,-84
"3017","326572",279.049044233858,-100
"3018","327749",211.656223032571,-108
"3019","328D0C",192.866333187034,-91
"3020","377E5F",173.402267667409,-95
"3021","33DA3C",303.000596271245,-102
"3022","3648E1",408.798151319644,-103
"3023","3B3B89",98.5839011820687,-92
"3024","379B89",247.324914973235,-109
"3025","328FAF",31.2661399686937,-61
"3026","37824B",306.717578241486,-100
"3027","339BB0",138.912598380784,-86
"3028","326572",269.634978048444,-99
"3029","328CCF",523.749378128729,-103
"3030","33DA3C",299.885372895556,-108
"3031","3648E1",402.755175914252,-106
"3032","3B3B89",99.3037292678405,-107
"3033","379B89",249.498987490941,-108
"3034","328FAF",42.6111298226532,-67
"3035","377E5F",177.996070509231,-97
"3036","3765DD",334.178818100178,-110
"3037","339BB0",149.756793795038,-91
"3038","326572",259.509010355773,-107
"3039","327749",197.099686451211,-108
"3040","328D0C",181.299559610424,-86
"3041","328CCF",516.929350356013,-102
"3042","33DA3C",297.330474458089,-105
"3043","3B3B89",101.023387656195,-89
"3044","379B89",251.824889847891,-103
"3045","328FAF",52.9995693837607,-69
"3046","377E5F",182.618051864796,-103
"3047","3765DD",325.9102694865,-103
"3048","339BB0",159.656626285574,-103
"3049","326572",250.389526121413,-101
"3050","327749",190.506260477448,-107
"3051","328D0C",170.807384968561,-90
"3052","33DA3C",296.50805200594,-104
"3053","3B3B89",105.75261207787,-93
"3054","328FAF",64.9424906185011,-69
"3055","37824B",289.753183861852,-106
"3056","377E5F",189.779050866474,-100
"3057","339BB0",171.363927506975,-95
"3058","326572",241.20454774134,-98
"3059","328D0C",159.297796189266,-89
"3060","3282EC",489.662883324454,-109
"3061","328CCF",510.728316218641,-110
"3062","3B3B89",112.91477597619,-105
"3063","328FAF",76.5169395499297,-78
"3064","37824B",287.374312302634,-109
"3065","3765DD",311.799895322794,-102
"3066","339BB0",183.023551649444,-105
"3067","326572",233.834935992304,-107
"3068","327749",181.826159949626,-97
"3069","328D0C",148.825071165345,-81
"3070","3282EC",490.089065813587,-105
"3071","33DA3C",298.012994055797,-104
"3072","3B3B89",120.793057613404,-102
"3073","328FAF",87.6834732585334,-76
"3074","37824B",285.908173636924,-111
"3075","377E5F",207.490150008331,-103
"3076","3765DD",306.582824131402,-99
"3077","339BB0",194.302327995379,-99
"3078","326572",227.383242523184,-101
"3079","328D0C",139.084292595177,-88
"3080","3282EC",491.165250995544,-103
"3081","33DA3C",300.286613026993,-102
"3082","3B3B89",128.60052662693,-100
"3083","328FAF",99.1825078036356,-73
"3084","377E5F",216.195485633624,-98
"3085","3765DD",300.624026618503,-97
"3086","339BB0",205.761074425901,-85
"3087","326572",220.28737686201,-92
"3088","327749",177.555732179466,-102
"3089","328D0C",128.835223938894,-84
"3090","326039",395.859191944638,-111
"3091","3282EC",491.427674113377,-108
"3092","33DA3C",301.942734059489,-98
"3093","328FAF",108.560099531364,-75
"3094","377E5F",223.530922277433,-99
"3095","3765DD",296.073835989389,-100
"3096","339BB0",215.117145858965,-87
"3097","3B3B89",135.411651636604,-103
"3098","326572",214.845933775074,-94
"3099","327749",176.253649294303,-94
"3100","328D0C",120.682620136675,-80
"3101","32841A",396.336164134958,-101
"3102","326039",392.463910693793,-107
"3103","3282EC",491.917733375376,-102
"3104","328CCF",495.530755508482,-102
"3105","33DA3C",303.685273405471,-103
